molecule,prec,MPI,OMP,Nuclear,Coulomb dens,Coulomb pot,XC dens,XC pot,XCFun,Total Fock
alkane_002,4,01,01,2.18683e+00,2.47407e+00,1.44885e+01,2.08447e+00,2.17243e-01,6.95334e+00,2.85553e+01
alkane_002,4,01,02,1.08133e+00,1.28589e+00,7.37785e+00,1.08008e+00,1.29757e-01,3.50193e+00,1.45486e+01
alkane_002,4,01,04,5.40863e-01,6.90991e-01,3.82783e+00,6.25606e-01,9.52540e-02,1.76347e+00,7.60741e+00
alkane_002,4,01,08,2.74191e-01,3.80945e-01,2.08804e+00,3.31809e-01,5.33605e-02,8.91113e-01,4.06594e+00
alkane_002,4,01,16,1.40542e-01,2.22044e-01,1.29673e+00,1.80669e-01,3.83001e-02,4.53879e-01,2.37112e+00
alkane_002,4,01,32,7.67618e-02,1.52946e-01,8.72963e-01,1.27412e-01,3.41021e-02,2.27163e-01,1.52587e+00
alkane_002,4,02,01,2.15747e+00,1.48605e+00,1.45495e+01,1.22341e+00,2.61522e-01,7.00316e+00,2.68488e+01
alkane_002,4,02,02,1.08642e+00,7.95286e-01,7.47027e+00,1.32829e+00,1.48384e-01,3.56593e+00,1.44961e+01
alkane_002,4,02,04,5.40165e-01,4.27338e-01,3.78761e+00,3.41076e-01,8.74633e-02,1.76055e+00,7.01098e+00
alkane_002,4,02,08,2.92706e-01,2.52019e-01,2.04740e+00,1.98580e-01,5.78048e-02,9.40629e-01,3.83977e+00
alkane_002,4,02,16,1.41324e-01,1.65325e-01,1.26397e+00,1.29586e-01,4.63546e-02,4.57863e-01,2.24805e+00
alkane_002,4,02,32,8.57733e-02,1.17767e-01,8.79727e-01,8.69915e-02,4.24336e-02,2.30363e-01,1.48105e+00
alkane_002,4,04,01,2.14564e+00,1.05879e+00,1.44692e+01,8.11300e-01,2.61468e-01,7.05947e+00,2.59818e+01
alkane_002,4,04,02,1.08488e+00,5.76733e-01,7.47064e+00,4.36854e-01,1.47510e-01,3.49679e+00,1.33205e+01
alkane_002,4,04,04,5.44537e-01,3.53448e-01,3.91524e+00,2.53119e-01,9.25310e-02,1.78100e+00,7.01147e+00
alkane_002,4,04,08,2.77375e-01,2.25855e-01,2.12553e+00,1.43946e-01,6.09930e-02,8.95225e-01,3.78162e+00
alkane_002,4,04,16,1.41282e-01,1.76145e-01,1.28429e+00,1.12638e-01,4.80478e-02,4.51401e-01,2.25887e+00
alkane_002,4,04,32,7.62149e-02,1.22223e-01,8.85484e-01,1.05154e-01,3.97872e-02,2.30417e-01,1.49977e+00
alkane_002,4,08,01,2.16360e+00,1.11453e+00,1.48778e+01,6.92055e-01,2.70384e-01,6.96891e+00,2.62716e+01
alkane_002,4,08,02,1.10153e+00,6.64832e-01,7.71990e+00,4.04488e-01,1.52094e-01,3.54061e+00,1.36983e+01
alkane_002,4,08,04,5.40136e-01,4.23560e-01,3.91021e+00,2.51240e-01,9.15730e-02,1.77040e+00,7.06133e+00
alkane_002,4,08,08,2.73261e-01,3.14774e-01,2.21423e+00,1.72067e-01,5.88259e-02,8.87490e-01,3.97387e+00
alkane_002,4,08,16,1.41041e-01,2.67400e-01,1.29679e+00,1.41951e-01,4.53582e-02,4.49730e-01,2.38624e+00
alkane_002,4,08,32,7.63468e-02,2.89704e-01,9.01932e-01,1.99010e-01,4.07904e-02,2.29525e-01,1.77997e+00
alkane_002,5,01,01,6.75698e+00,7.90481e+00,4.33379e+01,6.84322e+00,5.14538e-01,1.43729e+01,8.00337e+01
alkane_002,5,01,02,3.23687e+00,3.28510e+00,1.98303e+01,2.92770e+00,2.64676e-01,7.11720e+00,3.68374e+01
alkane_002,5,01,04,1.62009e+00,1.70593e+00,9.94930e+00,1.54602e+00,1.43439e-01,3.58653e+00,1.86636e+01
alkane_002,5,01,08,8.69968e-01,9.32261e-01,5.65737e+00,7.95973e-01,8.72381e-02,1.80911e+00,1.02310e+01
alkane_002,5,01,16,4.39250e-01,5.35215e-01,3.30015e+00,4.36217e-01,5.77391e-02,9.07083e-01,5.73837e+00
alkane_002,5,01,32,2.25067e-01,3.30337e-01,2.25048e+00,2.78185e-01,4.93515e-02,4.64271e-01,3.65093e+00
alkane_002,5,02,01,6.42540e+00,3.73285e+00,3.78521e+01,3.27408e+00,5.39079e-01,1.42575e+01,6.63936e+01
alkane_002,5,02,02,3.23740e+00,1.95694e+00,1.95725e+01,1.90819e+00,2.87312e-01,7.18266e+00,3.43310e+01
alkane_002,5,02,04,1.65261e+00,1.04607e+00,1.00958e+01,9.72376e-01,1.63431e-01,3.65260e+00,1.77150e+01
alkane_002,5,02,08,8.66005e-01,6.05339e-01,5.30742e+00,4.88633e-01,1.00351e-01,1.81986e+00,9.27256e+00
alkane_002,5,02,16,4.30296e-01,3.73048e-01,3.35688e+00,2.81215e-01,7.33138e-02,9.12585e-01,5.49701e+00
alkane_002,5,02,32,2.37630e-01,5.36410e-01,4.16313e+00,3.89362e-01,7.39934e-02,6.17417e-01,6.09517e+00
alkane_002,5,04,01,6.46963e+00,2.70491e+00,4.24424e+01,2.22955e+00,5.68168e-01,1.48223e+01,6.96079e+01
alkane_002,5,04,02,3.25644e+00,1.52661e+00,2.06315e+01,1.17316e+00,3.07040e-01,7.72660e+00,3.48544e+01
alkane_002,5,04,04,1.62609e+00,9.26993e-01,1.23684e+01,7.04301e-01,2.12538e-01,4.04905e+00,2.00346e+01
alkane_002,5,04,08,8.32258e-01,5.28036e-01,5.86646e+00,4.35709e-01,1.16315e-01,1.86549e+00,9.74734e+00
alkane_002,5,04,16,4.23327e-01,3.77014e-01,4.25432e+00,2.94063e-01,8.46677e-02,9.76708e-01,6.49533e+00
alkane_002,5,04,32,2.34102e-01,3.57633e-01,3.70639e+00,5.86617e-01,7.16382e-02,5.93761e-01,5.62470e+00
alkane_002,5,08,01,6.55162e+00,3.44378e+00,4.42118e+01,1.96764e+00,5.99242e-01,1.55104e+01,7.26900e+01
alkane_002,5,08,02,3.26852e+00,1.58498e+00,2.24207e+01,9.79470e-01,3.24571e-01,7.37204e+00,3.61827e+01
alkane_002,5,08,04,1.63488e+00,9.52384e-01,1.09732e+01,6.17470e-01,1.80888e-01,3.75513e+00,1.82610e+01
alkane_002,5,08,08,8.16462e-01,6.82625e-01,6.19092e+00,3.98855e-01,1.11641e-01,1.87336e+00,1.01768e+01
alkane_002,5,08,16,4.25447e-01,5.74041e-01,4.07914e+00,3.21419e-01,8.89912e-02,9.86151e-01,6.55947e+00
alkane_002,5,08,32,2.34825e-01,6.01344e-01,3.79492e+00,2.93355e-01,7.01138e-02,5.84297e-01,5.65442e+00
alkane_002,6,01,01,1.26284e+01,1.15344e+01,7.49002e+01,1.01069e+01,7.86794e-01,2.25408e+01,1.32967e+02
alkane_002,6,01,02,6.34362e+00,5.81993e+00,3.79699e+01,5.18433e+00,4.01224e-01,1.12460e+01,6.72406e+01
alkane_002,6,01,04,3.17002e+00,3.01672e+00,1.93429e+01,2.71007e+00,2.39925e-01,5.67289e+00,3.43256e+01
alkane_002,6,01,08,1.60074e+00,1.66705e+00,1.04586e+01,1.46233e+00,1.57684e-01,2.87559e+00,1.83483e+01
alkane_002,6,01,16,8.15620e-01,9.22415e-01,6.23414e+00,7.48289e-01,8.09397e-02,1.43358e+00,1.03303e+01
alkane_002,6,01,32,4.25200e-01,5.81452e-01,4.22876e+00,5.01615e-01,7.54010e-02,7.36305e-01,6.63280e+00
alkane_002,6,02,01,1.26977e+01,6.69939e+00,7.53598e+01,5.86049e+00,8.32424e-01,2.25988e+01,1.24542e+02
alkane_002,6,02,02,6.33823e+00,3.51804e+00,3.81679e+01,3.03162e+00,4.44769e-01,1.13829e+01,6.31753e+01
alkane_002,6,02,04,3.17706e+00,1.84680e+00,1.93701e+01,1.54750e+00,2.48927e-01,5.68422e+00,3.20585e+01
alkane_002,6,02,08,1.59490e+00,1.08140e+00,1.05878e+01,9.22073e-01,1.59179e-01,2.88719e+00,1.73734e+01
alkane_002,6,02,16,8.08642e-01,6.48570e-01,6.21159e+00,4.76985e-01,1.05578e-01,1.43926e+00,9.80042e+00
alkane_002,6,02,32,4.59993e-01,7.03934e-01,6.85388e+00,5.72352e-01,1.02036e-01,8.54724e-01,9.65828e+00
alkane_002,6,04,01,1.29363e+01,5.82647e+00,8.27659e+01,4.55643e+00,9.41159e-01,2.54868e+01,1.33083e+02
alkane_002,6,04,02,6.41191e+00,2.63088e+00,4.15221e+01,2.11512e+00,4.52967e-01,1.19555e+01,6.54441e+01
alkane_002,6,04,04,3.19108e+00,1.65023e+00,2.26535e+01,1.26642e+00,2.85247e-01,5.93478e+00,3.52278e+01
alkane_002,6,04,08,1.63262e+00,9.85675e-01,1.23146e+01,7.08468e-01,1.83713e-01,2.97193e+00,1.89709e+01
alkane_002,6,04,16,8.26019e-01,6.73121e-01,7.86723e+00,4.62902e-01,1.14327e-01,1.51118e+00,1.15888e+01
alkane_002,6,04,32,4.99368e-01,7.79777e-01,6.49524e+00,7.38698e-01,1.16146e-01,8.46933e-01,9.61727e+00
alkane_002,6,08,01,1.29046e+01,7.14248e+00,8.26483e+01,3.56550e+00,9.04171e-01,2.27726e+01,1.30535e+02
alkane_002,6,08,02,6.39926e+00,2.92779e+00,4.27057e+01,1.80856e+00,4.68742e-01,1.14699e+01,6.61345e+01
alkane_002,6,08,04,3.57718e+00,1.87814e+00,2.24258e+01,1.07097e+00,2.73297e-01,6.09094e+00,3.55592e+01
alkane_002,6,08,08,1.61559e+00,1.22603e+00,1.17755e+01,6.83842e-01,1.77483e-01,2.98604e+00,1.86387e+01
alkane_002,6,08,16,8.87889e-01,1.06157e+00,7.34328e+00,4.97630e-01,1.16979e-01,1.51140e+00,1.15558e+01
alkane_002,6,08,32,4.62891e-01,8.61775e-01,6.29016e+00,4.53993e-01,1.01064e-01,8.31455e-01,9.12567e+00
alkane_004,4,01,01,5.13445e+00,5.20864e+00,1.97389e+01,4.48648e+00,3.98480e-01,1.19297e+01,4.71557e+01
alkane_004,4,01,02,2.66070e+00,2.79726e+00,1.01076e+01,2.31264e+00,2.15115e-01,6.09986e+00,2.43505e+01
alkane_004,4,01,04,1.28901e+00,1.46335e+00,5.20498e+00,1.23929e+00,1.29303e-01,3.02438e+00,1.24575e+01
alkane_004,4,01,08,6.51980e-01,8.10342e-01,2.94651e+00,6.96387e-01,1.05277e-01,1.52204e+00,6.82263e+00
alkane_004,4,01,16,3.31272e-01,4.91418e-01,1.65623e+00,3.93331e-01,6.55431e-02,7.65394e-01,3.77285e+00
alkane_004,4,01,32,1.74723e-01,3.50159e-01,1.14569e+00,2.61019e-01,5.66331e-02,3.90419e-01,2.44057e+00
alkane_004,4,02,01,5.11861e+00,2.98141e+00,1.96908e+01,2.45990e+00,4.59661e-01,1.20366e+01,4.30154e+01
alkane_004,4,02,02,2.57348e+00,1.92142e+00,1.02645e+01,1.30277e+00,2.66552e-01,6.05485e+00,2.25500e+01
alkane_004,4,02,04,1.28601e+00,8.61442e-01,5.16147e+00,6.83021e-01,1.47527e-01,3.07266e+00,1.13236e+01
alkane_004,4,02,08,6.59780e-01,5.04287e-01,2.74939e+00,3.82654e-01,1.06135e-01,1.51616e+00,6.02107e+00
alkane_004,4,02,16,3.29953e-01,3.37230e-01,1.61900e+00,2.43763e-01,7.75977e-02,7.64056e-01,3.44801e+00
alkane_004,4,02,32,1.74956e-01,2.28133e-01,1.11412e+00,1.66065e-01,6.96450e-02,3.96571e-01,2.22098e+00
alkane_004,4,04,01,5.13997e+00,2.27392e+00,1.99283e+01,1.56675e+00,4.79124e-01,1.20647e+01,4.17380e+01
alkane_004,4,04,02,2.61012e+00,1.08304e+00,1.00719e+01,1.01682e+00,2.57430e-01,6.05656e+00,2.12869e+01
alkane_004,4,04,04,1.29695e+00,6.34087e-01,5.30191e+00,4.61657e-01,1.58802e-01,3.05411e+00,1.10279e+01
alkane_004,4,04,08,6.48270e-01,4.44585e-01,2.89561e+00,3.11645e-01,1.12232e-01,1.55623e+00,6.07424e+00
alkane_004,4,04,16,3.32412e-01,3.33271e-01,1.66183e+00,2.00188e-01,8.07178e-02,7.81553e-01,3.47744e+00
alkane_004,4,04,32,1.74899e-01,2.23668e-01,1.07081e+00,1.39185e-01,6.97166e-02,3.95239e-01,2.14766e+00
alkane_004,4,08,01,5.17112e+00,1.99186e+00,2.00444e+01,1.19298e+00,4.69165e-01,1.21000e+01,4.12869e+01
alkane_004,4,08,02,2.58583e+00,1.17063e+00,1.02117e+01,7.33588e-01,2.61264e-01,6.04374e+00,2.12019e+01
alkane_004,4,08,04,1.29461e+00,7.68282e-01,5.17975e+00,4.22135e-01,1.50902e-01,3.04231e+00,1.09847e+01
alkane_004,4,08,08,6.50892e-01,5.66812e-01,2.77125e+00,3.01251e-01,1.04076e-01,1.53247e+00,6.02375e+00
alkane_004,4,08,16,3.32189e-01,4.70367e-01,1.65244e+00,2.22795e-01,7.75446e-02,7.72603e-01,3.60817e+00
alkane_004,4,08,32,1.74298e-01,4.08095e-01,1.11072e+00,2.00582e-01,7.10217e-02,3.97004e-01,2.44119e+00
alkane_004,4,16,01,5.24385e+00,3.36943e+00,2.02308e+01,2.20126e+00,4.71159e-01,1.21758e+01,4.40107e+01
alkane_004,4,16,02,2.60009e+00,1.88757e+00,1.02800e+01,8.24610e-01,2.64006e-01,6.07167e+00,2.21236e+01
alkane_004,4,16,04,1.28480e+00,1.33805e+00,5.23234e+00,5.51489e-01,1.52032e-01,3.04284e+00,1.17290e+01
alkane_004,4,16,08,6.67916e-01,1.07643e+00,2.79262e+00,5.35626e-01,1.05384e-01,1.53514e+00,6.81132e+00
alkane_004,4,16,16,3.31470e-01,9.03694e-01,1.66714e+00,3.82934e-01,7.96555e-02,7.71430e-01,4.21824e+00
alkane_004,4,16,32,1.74145e-01,8.18479e-01,1.13940e+00,3.45828e-01,7.30262e-02,4.13194e-01,3.04414e+00
alkane_004,5,01,01,1.46530e+01,1.42935e+01,5.21555e+01,1.25502e+01,8.18859e-01,2.39114e+01,1.18900e+02
alkane_004,5,01,02,7.32482e+00,7.33902e+00,2.67264e+01,6.42489e+00,4.33800e-01,1.19344e+01,6.04967e+01
alkane_004,5,01,04,3.65036e+00,3.82956e+00,1.35638e+01,3.32601e+00,2.34581e-01,6.00724e+00,3.08047e+01
alkane_004,5,01,08,1.92119e+00,2.15056e+00,7.55651e+00,1.85723e+00,1.63918e-01,3.02033e+00,1.68140e+01
alkane_004,5,01,16,9.28983e-01,1.22307e+00,4.20812e+00,9.77648e-01,1.03585e-01,1.51297e+00,9.06600e+00
alkane_004,5,01,32,4.90176e-01,8.51257e-01,2.74734e+00,6.07940e-01,7.53943e-02,7.70887e-01,5.64196e+00
alkane_004,5,02,01,1.45746e+01,8.12619e+00,5.22609e+01,6.90998e+00,8.83423e-01,2.38812e+01,1.07155e+02
alkane_004,5,02,02,7.51307e+00,4.26195e+00,2.64471e+01,3.59716e+00,4.95220e-01,1.19588e+01,5.45940e+01
alkane_004,5,02,04,3.70759e+00,2.21900e+00,1.35062e+01,1.84197e+00,2.80029e-01,6.02987e+00,2.77903e+01
alkane_004,5,02,08,1.85952e+00,1.25070e+00,7.12797e+00,9.84293e-01,1.57755e-01,3.01533e+00,1.45347e+01
alkane_004,5,02,16,9.36232e-01,7.94176e-01,4.20918e+00,5.84799e-01,1.07566e-01,1.51493e+00,8.25481e+00
alkane_004,5,02,32,5.02190e-01,1.10274e+00,5.26969e+00,7.95900e-01,1.10857e-01,9.32985e-01,8.84590e+00
alkane_004,5,04,01,1.49156e+01,6.82783e+00,7.21993e+01,6.11364e+00,1.35522e+00,2.83700e+01,1.30547e+02
alkane_004,5,04,02,7.35525e+00,3.14153e+00,3.18944e+01,2.74722e+00,5.67693e-01,1.30943e+01,5.91929e+01
alkane_004,5,04,04,3.70383e+00,1.93447e+00,1.72385e+01,1.59053e+00,3.50148e-01,6.67507e+00,3.17733e+01
alkane_004,5,04,08,1.86137e+00,1.05724e+00,8.37948e+00,8.64690e-01,1.96555e-01,3.15011e+00,1.56841e+01
alkane_004,5,04,16,9.50397e-01,7.52613e-01,5.64695e+00,5.51192e-01,1.40150e-01,1.67637e+00,9.87048e+00
alkane_004,5,04,32,4.95670e-01,7.51845e-01,4.63236e+00,9.89485e-01,1.20813e-01,9.65975e-01,8.09197e+00
alkane_004,5,08,01,1.52001e+01,5.01064e+00,6.17570e+01,3.62353e+00,1.09755e+00,2.62153e+01,1.13632e+02
alkane_004,5,08,02,7.33528e+00,3.13579e+00,3.71097e+01,2.14210e+00,5.86939e-01,1.30845e+01,6.38472e+01
alkane_004,5,08,04,3.71774e+00,1.77093e+00,1.54334e+01,1.08027e+00,3.25943e-01,6.75588e+00,2.93590e+01
alkane_004,5,08,08,1.83893e+00,1.23538e+00,8.81296e+00,7.62427e-01,2.10120e-01,3.46077e+00,1.65221e+01
alkane_004,5,08,16,9.89455e-01,1.30710e+00,5.29645e+00,5.62037e-01,1.37581e-01,1.71944e+00,1.01740e+01
alkane_004,5,08,32,5.25088e-01,9.35705e-01,4.83686e+00,1.06369e+00,1.19527e-01,9.80859e-01,8.60868e+00
alkane_004,5,16,01,1.46655e+01,7.35699e+00,6.31522e+01,3.65759e+00,1.06112e+00,2.77822e+01,1.18395e+02
alkane_004,5,16,02,7.39802e+00,4.73887e+00,3.42725e+01,2.24751e+00,5.88178e-01,1.35172e+01,6.32032e+01
alkane_004,5,16,04,3.68923e+00,2.84432e+00,1.64273e+01,1.32041e+00,3.13639e-01,6.31305e+00,3.11887e+01
alkane_004,5,16,08,1.86683e+00,2.15432e+00,8.85882e+00,9.84733e-01,2.04802e-01,3.20017e+00,1.74708e+01
alkane_004,5,16,16,9.40472e-01,1.77955e+00,5.87418e+00,7.53880e-01,1.31746e-01,1.62719e+00,1.12578e+01
alkane_004,5,16,32,5.21655e-01,1.74415e+00,4.94894e+00,7.38120e-01,1.20437e-01,9.56491e-01,9.17452e+00
alkane_004,6,01,01,2.97541e+01,2.76479e+01,1.14671e+02,2.41999e+01,1.24613e+00,3.66603e+01,2.35004e+02
alkane_004,6,01,02,1.49582e+01,1.42242e+01,5.78109e+01,1.25258e+01,6.03044e-01,1.84411e+01,1.19036e+02
alkane_004,6,01,04,7.51684e+00,7.52817e+00,2.98344e+01,7.05391e+00,3.65815e-01,9.24955e+00,6.18510e+01
alkane_004,6,01,08,3.76456e+00,4.05363e+00,1.55022e+01,3.44514e+00,2.46471e-01,4.77857e+00,3.20144e+01
alkane_004,6,01,16,1.89276e+00,2.24654e+00,9.03593e+00,1.84117e+00,1.49903e-01,2.34797e+00,1.76903e+01
alkane_004,6,01,32,9.89724e-01,1.54787e+00,5.61028e+00,1.13042e+00,1.19294e-01,1.19799e+00,1.07467e+01
alkane_004,6,02,01,2.95384e+01,1.57486e+01,1.13536e+02,1.35118e+01,1.31698e+00,3.68424e+01,2.11319e+02
alkane_004,6,02,02,1.48342e+01,7.93879e+00,5.71538e+01,6.86908e+00,6.81187e-01,1.84766e+01,1.06425e+02
alkane_004,6,02,04,7.43886e+00,4.27469e+00,2.95375e+01,3.59183e+00,3.58563e-01,9.26199e+00,5.47567e+01
alkane_004,6,02,08,3.74556e+00,2.34450e+00,1.52426e+01,1.86229e+00,2.17768e-01,4.64224e+00,2.82651e+01
alkane_004,6,02,16,1.88064e+00,1.43818e+00,8.73980e+00,1.06856e+00,1.39561e-01,2.33480e+00,1.57714e+01
alkane_004,6,02,32,1.01673e+00,1.61196e+00,1.01682e+01,1.37041e+00,1.57714e-01,1.43944e+00,1.59579e+01
alkane_004,6,04,01,3.02933e+01,1.26084e+01,1.35629e+02,1.16288e+01,1.62370e+00,4.21423e+01,2.35093e+02
alkane_004,6,04,02,1.49842e+01,6.33410e+00,6.85365e+01,6.12168e+00,8.65816e-01,1.93351e+01,1.16896e+02
alkane_004,6,04,04,7.52257e+00,3.67610e+00,3.84550e+01,3.06754e+00,4.59832e-01,9.44098e+00,6.29942e+01
alkane_004,6,04,08,3.77451e+00,2.17565e+00,1.93653e+01,1.57601e+00,2.83683e-01,5.10019e+00,3.25821e+01
alkane_004,6,04,16,1.97379e+00,1.52077e+00,1.19890e+01,1.01706e+00,2.10339e-01,2.73758e+00,1.96997e+01
alkane_004,6,04,32,1.00867e+00,1.30085e+00,9.49237e+00,1.40394e+00,1.83822e-01,1.42795e+00,1.50314e+01
alkane_004,6,08,01,3.01414e+01,1.08142e+01,1.23987e+02,7.83036e+00,1.39376e+00,3.74893e+01,2.12639e+02
alkane_004,6,08,02,1.50747e+01,5.90095e+00,6.40798e+01,4.66312e+00,8.38074e-01,2.00948e+01,1.11365e+02
alkane_004,6,08,04,8.02713e+00,3.37401e+00,3.39506e+01,1.91014e+00,4.48760e-01,9.99506e+00,5.81179e+01
alkane_004,6,08,08,3.81204e+00,2.35677e+00,1.83165e+01,1.26443e+00,2.81831e-01,4.96028e+00,3.12972e+01
alkane_004,6,08,16,1.92645e+00,1.95066e+00,1.09052e+01,9.39187e-01,2.02561e-01,2.50482e+00,1.86858e+01
alkane_004,6,08,32,1.00272e+00,1.73421e+00,1.03721e+01,8.27355e-01,1.80836e-01,1.46486e+00,1.58352e+01
alkane_004,6,16,01,3.05154e+01,1.41135e+01,1.23306e+02,6.43576e+00,1.50795e+00,4.12742e+01,2.18099e+02
alkane_004,6,16,02,1.52948e+01,8.12965e+00,6.79771e+01,3.57771e+00,7.50833e-01,1.96048e+01,1.15965e+02
alkane_004,6,16,04,7.49182e+00,5.65211e+00,3.48350e+01,2.36550e+00,4.62266e-01,9.45194e+00,6.06812e+01
alkane_004,6,16,08,3.77046e+00,4.08175e+00,1.95980e+01,1.62795e+00,2.95757e-01,5.12513e+00,3.48240e+01
alkane_004,6,16,16,1.91387e+00,3.44482e+00,1.11832e+01,1.16531e+00,2.02034e-01,2.53241e+00,2.07005e+01
alkane_004,6,16,32,1.01258e+00,3.38582e+00,1.04660e+01,1.16610e+00,1.92257e-01,1.35008e+00,1.78139e+01
alkane_006,4,01,01,9.23447e+00,8.78353e+00,2.61268e+01,7.43428e+00,6.25482e-01,1.72800e+01,6.98561e+01
alkane_006,4,01,02,4.61731e+00,4.62151e+00,1.35752e+01,3.88286e+00,3.59530e-01,8.51692e+00,3.57986e+01
alkane_006,4,01,04,2.28828e+00,2.49838e+00,6.86118e+00,2.04941e+00,1.91243e-01,4.23551e+00,1.82793e+01
alkane_006,4,01,08,1.24272e+00,1.45377e+00,3.65561e+00,1.17927e+00,1.37207e-01,2.12819e+00,9.91329e+00
alkane_006,4,01,16,5.84631e-01,8.45185e-01,2.02888e+00,6.61354e-01,9.21193e-02,1.07359e+00,5.38318e+00
alkane_006,4,01,32,3.14543e-01,5.68153e-01,1.33419e+00,4.32797e-01,7.98994e-02,5.51443e-01,3.37115e+00
alkane_006,4,02,01,9.09645e+00,4.78607e+00,2.61229e+01,4.02586e+00,6.54166e-01,1.69547e+01,6.20113e+01
alkane_006,4,02,02,4.57734e+00,2.59227e+00,1.34086e+01,2.11726e+00,3.57394e-01,8.46451e+00,3.17446e+01
alkane_006,4,02,04,2.28774e+00,1.39343e+00,6.79118e+00,1.11712e+00,1.95522e-01,4.28352e+00,1.62179e+01
alkane_006,4,02,08,1.22251e+00,8.10192e-01,3.56746e+00,6.24781e-01,1.28649e-01,2.12115e+00,8.58723e+00
alkane_006,4,02,16,5.87831e-01,5.36104e-01,2.03784e+00,3.88723e-01,9.62609e-02,1.06567e+00,4.80929e+00
alkane_006,4,02,32,3.02245e-01,4.06719e-01,1.32141e+00,2.80385e-01,8.61626e-02,5.54042e-01,3.04062e+00
alkane_006,4,04,01,9.11857e+00,9.38813e+00,2.64013e+01,2.32176e+00,6.74547e-01,1.68315e+01,6.51319e+01
alkane_006,4,04,02,4.64592e+00,1.62009e+00,1.32399e+01,1.22879e+00,3.75894e-01,8.43729e+00,2.97847e+01
alkane_006,4,04,04,2.28983e+00,9.63023e-01,6.89595e+00,7.16610e-01,2.29337e-01,4.28529e+00,1.55509e+01
alkane_006,4,04,08,1.15304e+00,5.92729e-01,3.61137e+00,4.42488e-01,1.49417e-01,2.15526e+00,8.23445e+00
alkane_006,4,04,16,5.87592e-01,4.31177e-01,2.12316e+00,3.06135e-01,1.43648e-01,1.11075e+00,4.83043e+00
alkane_006,4,04,32,3.02406e-01,4.83501e-01,1.30672e+00,2.08925e-01,9.63276e-02,5.49007e-01,3.04937e+00
alkane_006,4,08,01,9.11522e+00,2.85602e+00,2.65137e+01,1.66272e+00,6.83205e-01,1.69126e+01,5.81818e+01
alkane_006,4,08,02,4.57340e+00,1.63984e+00,1.33065e+01,1.11502e+00,3.78192e-01,8.46909e+00,2.97521e+01
alkane_006,4,08,04,2.30224e+00,1.13300e+00,6.81017e+00,5.98672e-01,2.18995e-01,4.26418e+00,1.55043e+01
alkane_006,4,08,08,1.23608e+00,8.60974e-01,3.72687e+00,4.16667e-01,1.42703e-01,2.15635e+00,8.67661e+00
alkane_006,4,08,16,5.84980e-01,6.71673e-01,2.12149e+00,3.15072e-01,1.07215e-01,1.07718e+00,4.98872e+00
alkane_006,4,08,32,3.02608e-01,5.62736e-01,1.32424e+00,2.67627e-01,9.13893e-02,5.53037e-01,3.20021e+00
alkane_006,4,16,01,9.13981e+00,6.97133e+00,2.67111e+01,1.70674e+00,6.80914e-01,1.69345e+01,6.26064e+01
alkane_006,4,16,02,4.58971e+00,2.74965e+00,1.35418e+01,1.10545e+00,3.82564e-01,8.50555e+00,3.11548e+01
alkane_006,4,16,04,2.33912e+00,1.85569e+00,6.89044e+00,1.02119e+00,2.20154e-01,4.28307e+00,1.67922e+01
alkane_006,4,16,08,1.19265e+00,1.54455e+00,3.80131e+00,5.98988e-01,1.35989e-01,2.15513e+00,9.55264e+00
alkane_006,4,16,16,5.83813e-01,1.31291e+00,2.11987e+00,5.00898e-01,1.00500e-01,1.07671e+00,5.79571e+00
alkane_006,4,16,32,3.03390e-01,1.22714e+00,1.31327e+00,6.10952e-01,8.91230e-02,5.49602e-01,4.19413e+00
alkane_006,5,01,01,2.91364e+01,2.33762e+01,6.60297e+01,2.01783e+01,1.20517e+00,3.37749e+01,1.74422e+02
alkane_006,5,01,02,1.42598e+01,1.22032e+01,3.39669e+01,1.04680e+01,6.46039e-01,1.72582e+01,8.92600e+01
alkane_006,5,01,04,7.02806e+00,6.42018e+00,1.71593e+01,5.84639e+00,3.90082e-01,9.30281e+00,4.64296e+01
alkane_006,5,01,08,3.54268e+00,3.42846e+00,9.34616e+00,2.86767e+00,1.99479e-01,4.26607e+00,2.38368e+01
alkane_006,5,01,16,1.78530e+00,2.02260e+00,5.32910e+00,1.62193e+00,1.34418e-01,2.18248e+00,1.32299e+01
alkane_006,5,01,32,9.25072e-01,1.33142e+00,3.20326e+00,1.03118e+00,1.03759e-01,1.09070e+00,7.81744e+00
alkane_006,5,02,01,2.78912e+01,1.28714e+01,6.65483e+01,1.09697e+01,1.29096e+00,3.40103e+01,1.54326e+02
alkane_006,5,02,02,1.40929e+01,6.60040e+00,3.40394e+01,5.63446e+00,6.48196e-01,1.71293e+01,7.85627e+01
alkane_006,5,02,04,7.02950e+00,3.48332e+00,1.70862e+01,2.88769e+00,3.52927e-01,8.51916e+00,3.96294e+01
alkane_006,5,02,08,3.52527e+00,1.97078e+00,9.02512e+00,1.55316e+00,1.98020e-01,4.28298e+00,2.07357e+01
alkane_006,5,02,16,1.79433e+00,1.23016e+00,5.20811e+00,9.15556e-01,1.39910e-01,2.14919e+00,1.15876e+01
alkane_006,5,02,32,9.44424e-01,1.72527e+00,7.44021e+00,1.47497e+00,1.69735e-01,1.65682e+00,1.36267e+01
alkane_006,5,04,01,2.83847e+01,1.10604e+01,6.94050e+01,2.44361e+01,1.63907e+00,3.86301e+01,1.74382e+02
alkane_006,5,04,02,1.42089e+01,5.59299e+00,4.65465e+01,4.47896e+00,8.94413e-01,1.95105e+01,9.18439e+01
alkane_006,5,04,04,7.02254e+00,3.25096e+00,2.54454e+01,2.28695e+00,5.61818e-01,1.05975e+01,4.95869e+01
alkane_006,5,04,08,3.56995e+00,1.95348e+00,1.40718e+01,1.46963e+00,3.40611e-01,4.96086e+00,2.66626e+01
alkane_006,5,04,16,1.80320e+00,1.47642e+00,8.52757e+00,8.83799e-01,1.92636e-01,2.34410e+00,1.54284e+01
alkane_006,5,04,32,9.72361e-01,1.16171e+00,6.75105e+00,8.61277e-01,1.83800e-01,1.55064e+00,1.17000e+01
alkane_006,5,08,01,2.82720e+01,7.32881e+00,8.40244e+01,5.36380e+00,1.71679e+00,3.92447e+01,1.66998e+02
alkane_006,5,08,02,1.40509e+01,4.43934e+00,4.26964e+01,3.04398e+00,8.68941e-01,1.90845e+01,8.48044e+01
alkane_006,5,08,04,7.02127e+00,2.54596e+00,2.22501e+01,1.63916e+00,4.92033e-01,9.57941e+00,4.39039e+01
alkane_006,5,08,08,3.53234e+00,1.67566e+00,1.10689e+01,9.93727e-01,2.84043e-01,4.96772e+00,2.27836e+01
alkane_006,5,08,16,1.79236e+00,1.46252e+00,8.28849e+00,8.57956e-01,1.95606e-01,2.39518e+00,1.52253e+01
alkane_006,5,08,32,9.78262e-01,1.34286e+00,6.56732e+00,7.11331e-01,1.84581e-01,1.63713e+00,1.16299e+01
alkane_006,5,16,01,2.80066e+01,9.99622e+00,8.19364e+01,4.46242e+00,1.59745e+00,3.81368e+01,1.65147e+02
alkane_006,5,16,02,1.40444e+01,5.70286e+00,4.35623e+01,2.79391e+00,7.85674e-01,1.80175e+01,8.55899e+01
alkane_006,5,16,04,7.07906e+00,4.17461e+00,2.17754e+01,1.73045e+00,4.51276e-01,9.28942e+00,4.48858e+01
alkane_006,5,16,08,3.54618e+00,3.08649e+00,1.09126e+01,1.32031e+00,2.67551e-01,4.58749e+00,2.39875e+01
alkane_006,5,16,16,1.83962e+00,2.52214e+00,6.77167e+00,1.01441e+00,1.88082e-01,2.33790e+00,1.48843e+01
alkane_006,5,16,32,9.37348e-01,2.66852e+00,6.50638e+00,1.17570e+00,1.86333e-01,1.47388e+00,1.31593e+01
alkane_006,6,01,01,5.42150e+01,4.73178e+01,1.47662e+02,4.11583e+01,1.87452e+00,5.42835e+01,3.47701e+02
alkane_006,6,01,02,2.92055e+01,2.45574e+01,7.62365e+01,2.14378e+01,9.58735e-01,2.81107e+01,1.81192e+02
alkane_006,6,01,04,1.37961e+01,1.30871e+01,3.76004e+01,1.16853e+01,5.92428e-01,1.36856e+01,9.08807e+01
alkane_006,6,01,08,7.02456e+00,7.06729e+00,1.95754e+01,5.84994e+00,2.79225e-01,6.87686e+00,4.69728e+01
alkane_006,6,01,16,3.52593e+00,3.92640e+00,1.08580e+01,3.29563e+00,2.06247e-01,3.50199e+00,2.55594e+01
alkane_006,6,01,32,1.77657e+00,2.58393e+00,6.73440e+00,2.12172e+00,1.43490e-01,1.81064e+00,1.53888e+01
alkane_006,6,02,01,5.40845e+01,2.53124e+01,1.46436e+02,2.16841e+01,1.97125e+00,5.44048e+01,3.05076e+02
alkane_006,6,02,02,2.74098e+01,1.32755e+01,7.44374e+01,1.12732e+01,9.85921e-01,2.73371e+01,1.55418e+02
alkane_006,6,02,04,1.36709e+01,6.93219e+00,3.74224e+01,5.79137e+00,5.46010e-01,1.37933e+01,7.85849e+01
alkane_006,6,02,08,6.80931e+00,3.84801e+00,1.94082e+01,3.06334e+00,3.00469e-01,6.82901e+00,4.05488e+01
alkane_006,6,02,16,3.43391e+00,2.58637e+00,1.09540e+01,1.77742e+00,1.94406e-01,3.44627e+00,2.26302e+01
alkane_006,6,04,01,5.54331e+01,1.93880e+01,1.87826e+02,1.78181e+01,2.49795e+00,5.69482e+01,3.41914e+02
alkane_006,6,04,02,2.73774e+01,9.78861e+00,9.54777e+01,1.09159e+01,1.40052e+00,2.90451e+01,1.74930e+02
alkane_006,6,04,04,1.37325e+01,5.81510e+00,4.98438e+01,4.77185e+00,7.50115e-01,1.46266e+01,9.01268e+01
alkane_006,6,04,08,7.14606e+00,3.67626e+00,2.85048e+01,2.59311e+00,4.22708e-01,7.80492e+00,5.05299e+01
alkane_006,6,04,16,3.54619e+00,2.52548e+00,1.73401e+01,1.84125e+00,2.64734e-01,4.26744e+00,3.01034e+01
alkane_006,6,04,32,1.85493e+00,2.37510e+00,1.34925e+01,2.67782e+00,2.61020e-01,2.35584e+00,2.33057e+01
alkane_006,6,08,01,5.48035e+01,1.44631e+01,1.64363e+02,1.56803e+01,2.43505e+00,5.57086e+01,3.09208e+02
alkane_006,6,08,02,2.73132e+01,1.26184e+01,9.06708e+01,9.64595e+00,1.25494e+00,2.80034e+01,1.70479e+02
alkane_006,6,08,04,1.37424e+01,5.38530e+00,4.59082e+01,2.79160e+00,7.40314e-01,1.51141e+01,8.42787e+01
alkane_006,6,08,08,6.85024e+00,3.58588e+00,2.59897e+01,2.24276e+00,4.25287e-01,8.63814e+00,4.81788e+01
alkane_006,6,08,16,3.51223e+00,2.60431e+00,1.60519e+01,1.48751e+00,2.98096e-01,4.01513e+00,2.83267e+01
alkane_006,6,08,32,1.80420e+00,2.44165e+00,1.35504e+01,1.44501e+00,2.67097e-01,2.42265e+00,2.22888e+01
alkane_006,6,16,01,5.59975e+01,1.81710e+01,1.60232e+02,8.26107e+00,2.33174e+00,5.59576e+01,3.02342e+02
alkane_006,6,16,02,2.72581e+01,1.19377e+01,8.32011e+01,5.12774e+00,1.26035e+00,3.13790e+01,1.61130e+02
alkane_006,6,16,04,1.36438e+01,7.37013e+00,4.77933e+01,2.85300e+00,6.58314e-01,1.52568e+01,8.82093e+01
alkane_006,6,16,08,6.88472e+00,5.51813e+00,2.35742e+01,1.97484e+00,4.53610e-01,7.65072e+00,4.65021e+01
alkane_006,6,16,16,3.50389e+00,4.59030e+00,1.42920e+01,1.61331e+00,3.08991e-01,3.99333e+00,2.86706e+01
alkane_006,6,16,32,1.82407e+00,4.94389e+00,1.48063e+01,1.64815e+00,2.41505e-01,2.42228e+00,2.62061e+01
alkane_008,4,04,01,1.40141e+01,3.93763e+00,3.26037e+01,2.99861e+00,9.22594e-01,2.24712e+01,7.74807e+01
alkane_008,4,04,02,6.97188e+00,2.14121e+00,1.65335e+01,1.59028e+00,5.18313e-01,1.13120e+01,3.94010e+01
alkane_008,4,04,04,3.78833e+00,1.64006e+00,9.00950e+00,1.02727e+00,3.51432e-01,6.04694e+00,2.21214e+01
alkane_008,4,04,08,1.75857e+00,9.84237e-01,4.77108e+00,6.24013e-01,2.08727e-01,2.99683e+00,1.15389e+01
alkane_008,4,04,16,8.95664e-01,5.84262e-01,2.56241e+00,3.77388e-01,1.53152e-01,1.45413e+00,6.18149e+00
alkane_008,4,04,32,4.80923e-01,5.34269e-01,1.51165e+00,2.86483e-01,1.27763e-01,7.32504e-01,3.81777e+00
alkane_008,4,08,01,1.43815e+01,3.66314e+00,3.28041e+01,2.27287e+00,9.11015e-01,2.26566e+01,7.72622e+01
alkane_008,4,08,02,7.00531e+00,2.15191e+00,1.65255e+01,1.99451e+00,5.06860e-01,1.13233e+01,3.98700e+01
alkane_008,4,08,04,3.50726e+00,1.45592e+00,8.62243e+00,8.27775e-01,3.03943e-01,5.71603e+00,2.06806e+01
alkane_008,4,08,08,1.74813e+00,1.00805e+00,4.45941e+00,5.29014e-01,1.89332e-01,2.85292e+00,1.09682e+01
alkane_008,4,08,16,8.91684e-01,8.73417e-01,2.59366e+00,7.50538e-01,1.34619e-01,1.43298e+00,6.81169e+00
alkane_008,4,08,32,4.79151e-01,6.94462e-01,1.52841e+00,3.41742e-01,1.30410e-01,7.30015e-01,4.05457e+00
alkane_008,4,16,01,1.40353e+01,5.63691e+00,3.32021e+01,2.55778e+00,9.19334e-01,2.26310e+01,7.95903e+01
alkane_008,4,16,02,6.95738e+00,3.56175e+00,1.67892e+01,1.46810e+00,5.10602e-01,1.13796e+01,4.10389e+01
alkane_008,4,16,04,3.57475e+00,2.55660e+00,8.45621e+00,1.39746e+00,2.96748e-01,5.70566e+00,2.22349e+01
alkane_008,4,16,08,1.75116e+00,2.04749e+00,4.43008e+00,1.62862e+00,1.93436e-01,2.91419e+00,1.31479e+01
alkane_008,4,16,16,8.97099e-01,1.66032e+00,2.54829e+00,6.61566e-01,1.42592e-01,1.43305e+00,7.49700e+00
alkane_008,4,16,32,4.89292e-01,1.63480e+00,1.51836e+00,6.21750e-01,1.20078e-01,7.35290e-01,5.25801e+00
alkane_008,5,04,01,4.24322e+01,1.26072e+01,9.40586e+01,2.17062e+01,2.09946e+00,4.75357e+01,2.21745e+02
alkane_008,5,04,02,2.11977e+01,7.87131e+00,4.93600e+01,1.10178e+01,1.11186e+00,2.39874e+01,1.15402e+02
alkane_008,5,04,04,1.07578e+01,4.89998e+00,2.86230e+01,4.23871e+00,8.62265e-01,1.41232e+01,6.41398e+01
alkane_008,5,04,08,5.39280e+00,3.29964e+00,1.60752e+01,2.51973e+00,3.96359e-01,6.29417e+00,3.43620e+01
alkane_008,5,04,16,2.74608e+00,2.07372e+00,1.22155e+01,1.78245e+00,3.26294e-01,4.37872e+00,2.38911e+01
alkane_008,5,04,32,1.41434e+00,2.07202e+00,9.57878e+00,1.46994e+00,2.65140e-01,2.38706e+00,1.75291e+01
alkane_008,5,08,01,4.47595e+01,1.16937e+01,1.07358e+02,8.39068e+00,2.28162e+00,5.10484e+01,2.27013e+02
alkane_008,5,08,02,2.12483e+01,5.97534e+00,5.09751e+01,4.24447e+00,1.24579e+00,2.46829e+01,1.09147e+02
alkane_008,5,08,04,1.07536e+01,3.20002e+00,2.16994e+01,5.87390e+00,5.18108e-01,1.11127e+01,5.35588e+01
alkane_008,5,08,08,5.38811e+00,2.18570e+00,1.11711e+01,3.39766e+00,3.54947e-01,5.82261e+00,2.86468e+01
alkane_008,5,08,16,2.70742e+00,2.12145e+00,1.03514e+01,1.27245e+00,2.48051e-01,2.87121e+00,1.98719e+01
alkane_008,5,08,32,1.44872e+00,2.04698e+00,9.15714e+00,1.10930e+00,2.56846e-01,2.07527e+00,1.64004e+01
alkane_008,5,16,01,4.31064e+01,1.35846e+01,1.06543e+02,7.72922e+00,2.20715e+00,4.70813e+01,2.21676e+02
alkane_008,5,16,02,2.13781e+01,8.49837e+00,5.65574e+01,4.40327e+00,1.15282e+00,2.50902e+01,1.17983e+02
alkane_008,5,16,04,1.08012e+01,5.57874e+00,2.78214e+01,2.71476e+00,6.03032e-01,1.21518e+01,6.02090e+01
alkane_008,5,16,08,5.35193e+00,4.68060e+00,1.46889e+01,1.88461e+00,3.85206e-01,6.04543e+00,3.34218e+01
alkane_008,5,16,16,2.74159e+00,3.53853e+00,8.78172e+00,1.44617e+00,2.32338e-01,3.19353e+00,2.02482e+01
alkane_008,5,16,32,1.40163e+00,3.62947e+00,8.13184e+00,1.62274e+00,1.96662e-01,1.77538e+00,1.69967e+01
alkane_008,6,04,01,8.59689e+01,2.56952e+01,2.37271e+02,2.48917e+01,3.50483e+00,8.31734e+01,4.62561e+02
alkane_008,6,04,02,4.39147e+01,1.44624e+01,1.29902e+02,1.45860e+01,1.79362e+00,4.03509e+01,2.46269e+02
alkane_008,6,04,04,2.18076e+01,8.27499e+00,6.87225e+01,7.82048e+00,9.13835e-01,2.03095e+01,1.28698e+02
alkane_008,6,04,08,1.11195e+01,4.60088e+00,3.50518e+01,4.40796e+00,5.39382e-01,9.41302e+00,6.58830e+01
alkane_008,6,04,16,5.46768e+00,3.47816e+00,2.34381e+01,2.73322e+00,3.84258e-01,6.02502e+00,4.19773e+01
alkane_008,6,04,32,2.79964e+00,3.26788e+00,1.99532e+01,2.43564e+00,3.05680e-01,3.01497e+00,3.21968e+01
alkane_008,6,08,01,8.67762e+01,2.29143e+01,2.28735e+02,1.73506e+01,3.17924e+00,8.10082e+01,4.42315e+02
alkane_008,6,08,02,4.43831e+01,1.32621e+01,1.26974e+02,1.04895e+01,1.74108e+00,3.41970e+01,2.32409e+02
alkane_008,6,08,04,2.21214e+01,7.24432e+00,6.65051e+01,4.88760e+00,8.45428e-01,1.91264e+01,1.21526e+02
alkane_008,6,08,08,1.08106e+01,4.66282e+00,3.55391e+01,2.93284e+00,5.25077e-01,9.52738e+00,6.46381e+01
alkane_008,6,08,16,5.47647e+00,3.78631e+00,2.24588e+01,2.18434e+00,4.13127e-01,4.49035e+00,3.93239e+01
alkane_008,6,08,32,2.82889e+00,3.35685e+00,1.85631e+01,1.83657e+00,3.19371e-01,3.05977e+00,3.04096e+01
alkane_008,6,16,01,8.77543e+01,2.79235e+01,2.08395e+02,1.15921e+01,2.90564e+00,8.04654e+01,4.21303e+02
alkane_008,6,16,02,4.43491e+01,1.68038e+01,1.13217e+02,7.91694e+00,1.58030e+00,3.49058e+01,2.20141e+02
alkane_008,6,16,04,2.17526e+01,1.00667e+01,6.21945e+01,4.09568e+00,9.28073e-01,1.95126e+01,1.19372e+02
alkane_008,6,16,08,1.08396e+01,7.78563e+00,3.47274e+01,3.00968e+00,6.08029e-01,1.07235e+01,6.83159e+01
alkane_008,6,16,16,5.47458e+00,6.37038e+00,2.03618e+01,2.33651e+00,3.52795e-01,4.42572e+00,3.98033e+01
alkane_008,6,16,32,2.82171e+00,6.11089e+00,1.95256e+01,2.52260e+00,3.43315e-01,3.27081e+00,3.51175e+01
alkane_010,4,04,01,2.02832e+01,5.72075e+00,3.82648e+01,3.82060e+00,1.25836e+00,2.91091e+01,9.91325e+01
alkane_010,4,04,02,1.01064e+01,2.74232e+00,1.92618e+01,2.31716e+00,6.56635e-01,1.44071e+01,4.99094e+01
alkane_010,4,04,04,5.03550e+00,1.95207e+00,9.92327e+00,1.37605e+00,3.94675e-01,7.37740e+00,2.63825e+01
alkane_010,4,04,08,2.60675e+00,1.13922e+00,5.41913e+00,9.75909e-01,2.52830e-01,3.66487e+00,1.42829e+01
alkane_010,4,04,16,1.29231e+00,9.68106e-01,2.89996e+00,5.00037e-01,1.95457e-01,1.85307e+00,7.90868e+00
alkane_010,4,04,32,6.72830e-01,8.91482e-01,1.74012e+00,3.66220e-01,1.59825e-01,9.23110e-01,4.92410e+00
alkane_010,4,08,01,2.00988e+01,4.57942e+00,3.80798e+01,2.80906e+00,1.15966e+00,2.90044e+01,9.64394e+01
alkane_010,4,08,02,1.01286e+01,2.75147e+00,1.93059e+01,1.89973e+00,6.47801e-01,1.45500e+01,4.96964e+01
alkane_010,4,08,04,5.06444e+00,1.83914e+00,9.69042e+00,1.02759e+00,3.85927e-01,7.32219e+00,2.56117e+01
alkane_010,4,08,08,2.54394e+00,1.25982e+00,5.06412e+00,6.67820e-01,2.43797e-01,3.66310e+00,1.36627e+01
alkane_010,4,08,16,1.33800e+00,1.88424e+00,2.88757e+00,5.27771e-01,1.58675e-01,1.82324e+00,8.78178e+00
alkane_010,4,08,32,6.64981e-01,8.75904e-01,1.68863e+00,4.82060e-01,1.40183e-01,9.32922e-01,4.95261e+00
alkane_010,4,16,01,2.06365e+01,6.67388e+00,3.84816e+01,3.31277e+00,1.17278e+00,2.90227e+01,1.00064e+02
alkane_010,4,16,02,1.02160e+01,4.26703e+00,1.95057e+01,1.78958e+00,6.35229e-01,1.44756e+01,5.13344e+01
alkane_010,4,16,04,5.31158e+00,3.06390e+00,9.93728e+00,1.34718e+00,3.59814e-01,7.28296e+00,2.75899e+01
alkane_010,4,16,08,2.55311e+00,2.47399e+00,5.12415e+00,1.03640e+00,2.38903e-01,3.75566e+00,1.53980e+01
alkane_010,4,16,16,1.27993e+00,2.05475e+00,2.85552e+00,8.30092e-01,1.80021e-01,1.87455e+00,9.24746e+00
alkane_010,4,16,32,6.63553e-01,2.15114e+00,1.80393e+00,8.87525e-01,1.43443e-01,9.39707e-01,6.77746e+00
alkane_010,4,32,01,2.02948e+01,2.05199e+01,3.82110e+01,1.66538e+01,1.14542e+00,2.88801e+01,1.26446e+02
alkane_010,4,32,02,1.01610e+01,8.29310e+00,1.96340e+01,2.96750e+00,6.33480e-01,1.46077e+01,5.67405e+01
alkane_010,4,32,04,5.09293e+00,6.06863e+00,1.00151e+01,2.17221e+00,3.64820e-01,7.40000e+00,3.14063e+01
alkane_010,4,32,08,2.59639e+00,4.88619e+00,5.19447e+00,1.74527e+00,2.29017e-01,3.64863e+00,1.85097e+01
alkane_010,4,32,16,1.28024e+00,4.24159e+00,2.83650e+00,1.51774e+00,1.59685e-01,1.83638e+00,1.20440e+01
alkane_010,4,32,32,6.70501e-01,4.05376e+00,1.81904e+00,1.47260e+00,1.42627e-01,9.35700e-01,9.26018e+00
alkane_010,5,04,01,6.39031e+01,2.11190e+01,1.64479e+02,2.12294e+01,3.59311e+00,7.48084e+01,3.51271e+02
alkane_010,5,04,02,3.23409e+01,1.07895e+01,6.60775e+01,1.19979e+01,1.18669e+00,2.81946e+01,1.51315e+02
alkane_010,5,04,04,1.59619e+01,6.81337e+00,4.28482e+01,6.29966e+00,1.25837e+00,2.04927e+01,9.45217e+01
alkane_010,5,04,08,7.94379e+00,3.32626e+00,1.45170e+01,7.45846e+00,4.58528e-01,7.25435e+00,4.13506e+01
alkane_010,5,04,16,4.04328e+00,3.04067e+00,1.63001e+01,2.72536e+00,4.19650e-01,5.60478e+00,3.25656e+01
alkane_010,5,04,32,2.13129e+00,2.19520e+00,9.36201e+00,3.25395e+00,2.82096e-01,2.41608e+00,1.99491e+01
alkane_010,5,08,01,6.35564e+01,1.37263e+01,1.03727e+02,2.99489e+01,2.94390e+00,6.46138e+01,2.80346e+02
alkane_010,5,08,02,3.25153e+01,1.08625e+01,9.02693e+01,8.23317e+00,1.91344e+00,3.67747e+01,1.81909e+02
alkane_010,5,08,04,1.58452e+01,5.62960e+00,4.01197e+01,3.99288e+00,9.59826e-01,1.75540e+01,8.48924e+01
alkane_010,5,08,08,7.93425e+00,3.13221e+00,1.85642e+01,2.06801e+00,5.31456e-01,8.18647e+00,4.09272e+01
alkane_010,5,08,16,4.03879e+00,2.48948e+00,9.18500e+00,3.79242e+00,3.63243e-01,4.96616e+00,2.52467e+01
alkane_010,5,08,32,2.11556e+00,2.32343e+00,9.09017e+00,2.95971e+00,3.19235e-01,2.73011e+00,1.99390e+01
alkane_010,5,16,01,6.37807e+01,1.68703e+01,1.68793e+02,8.86491e+00,3.03815e+00,6.66252e+01,3.30014e+02
alkane_010,5,16,02,3.26683e+01,1.47325e+01,7.27280e+01,5.82285e+00,1.58489e+00,3.12173e+01,1.59872e+02
alkane_010,5,16,04,1.58949e+01,7.65871e+00,3.94205e+01,3.24842e+00,7.92095e-01,1.56927e+01,8.34052e+01
alkane_010,5,16,08,7.94364e+00,5.46925e+00,1.73922e+01,2.56609e+00,5.11586e-01,7.92322e+00,4.23037e+01
alkane_010,5,16,16,4.17661e+00,4.66089e+00,1.08785e+01,1.80923e+00,3.71018e-01,5.07714e+00,2.73967e+01
alkane_010,5,16,32,2.07441e+00,4.03766e+00,1.10252e+01,1.81536e+00,3.06288e-01,2.88096e+00,2.26493e+01
alkane_010,5,32,01,6.30869e+01,3.57892e+01,1.45312e+02,1.18318e+01,2.73745e+00,6.14375e+01,3.21978e+02
alkane_010,5,32,02,3.15181e+01,2.03998e+01,8.67009e+01,9.06347e+00,1.67713e+00,3.53456e+01,1.85816e+02
alkane_010,5,32,04,1.58999e+01,1.43100e+01,3.49542e+01,5.01085e+00,8.05391e-01,1.54735e+01,8.71246e+01
alkane_010,5,32,08,8.18697e+00,1.00608e+01,1.77907e+01,3.60538e+00,4.89387e-01,8.03032e+00,4.86736e+01
alkane_010,5,32,16,4.02880e+00,8.41840e+00,1.12616e+01,3.01954e+00,3.42253e-01,4.27921e+00,3.17541e+01
alkane_010,5,32,32,2.10693e+00,8.66392e+00,1.12057e+01,3.26400e+00,2.91651e-01,2.95823e+00,2.88371e+01
alkane_010,6,04,01,1.35041e+02,3.28789e+01,3.23455e+02,3.82132e+01,4.35347e+00,1.03680e+02,6.40721e+02
alkane_010,6,04,02,6.44206e+01,1.82959e+01,1.68482e+02,1.97575e+01,2.10459e+00,5.10197e+01,3.25686e+02
alkane_010,6,04,04,3.21640e+01,1.31847e+01,8.34996e+01,1.08229e+01,1.28860e+00,2.51799e+01,1.67130e+02
alkane_010,6,04,08,1.61218e+01,5.90931e+00,4.56919e+01,5.57324e+00,6.99320e-01,1.34912e+01,8.82012e+01
alkane_010,6,04,16,8.15036e+00,4.73915e+00,2.99448e+01,4.16063e+00,4.79828e-01,6.42829e+00,5.45183e+01
alkane_010,6,04,32,4.20347e+00,4.49472e+00,2.39860e+01,3.55492e+00,4.23204e-01,3.97132e+00,4.12298e+01
alkane_010,6,08,01,1.31418e+02,2.85526e+01,2.99617e+02,2.45448e+01,4.30243e+00,9.14181e+01,5.82732e+02
alkane_010,6,08,02,6.47666e+01,1.67114e+01,1.64481e+02,1.30735e+01,2.18989e+00,5.12992e+01,3.14401e+02
alkane_010,6,08,04,3.25026e+01,9.14654e+00,8.45180e+01,6.63087e+00,1.21181e+00,2.24967e+01,1.57552e+02
alkane_010,6,08,08,1.61823e+01,5.95140e+00,4.87815e+01,4.11790e+00,6.69513e-01,1.11864e+01,8.76700e+01
alkane_010,6,08,16,8.35830e+00,4.89255e+00,2.45880e+01,2.59590e+00,4.56505e-01,6.24026e+00,4.77749e+01
alkane_010,6,08,32,4.28202e+00,4.69052e+00,2.41073e+01,2.51385e+00,4.80754e-01,3.77234e+00,4.05321e+01
alkane_010,6,16,01,1.33429e+02,3.24362e+01,2.52979e+02,2.08029e+01,4.20781e+00,9.39849e+01,5.40611e+02
alkane_010,6,16,02,6.75288e+01,2.08345e+01,1.38212e+02,1.49254e+01,2.14467e+00,5.03035e+01,2.95440e+02
alkane_010,6,16,04,3.21274e+01,1.24890e+01,8.21333e+01,5.57899e+00,1.22647e+00,2.18385e+01,1.56496e+02
alkane_010,6,16,08,1.61653e+01,9.54144e+00,4.20372e+01,3.96730e+00,7.40881e-01,1.09547e+01,8.42865e+01
alkane_010,6,16,16,8.22501e+00,7.84972e+00,2.45804e+01,2.67049e+00,4.84252e-01,6.34172e+00,5.08267e+01
alkane_010,6,16,32,4.29454e+00,7.71023e+00,2.51601e+01,2.70414e+00,4.66147e-01,4.13103e+00,4.51289e+01
alkane_010,6,32,01,1.29940e+02,6.11367e+01,2.45565e+02,2.03517e+01,4.04711e+00,8.50798e+01,5.48699e+02
alkane_010,6,32,02,6.65402e+01,3.91176e+01,1.33487e+02,1.27582e+01,2.17625e+00,4.73501e+01,3.03187e+02
alkane_010,6,32,04,3.23558e+01,2.59243e+01,7.56372e+01,6.41925e+00,1.00135e+00,2.19530e+01,1.64323e+02
alkane_010,6,32,08,1.62266e+01,2.10884e+01,4.23784e+01,5.53336e+00,7.40558e-01,1.10681e+01,9.78518e+01
alkane_010,6,32,16,8.17674e+00,1.74251e+01,2.24259e+01,4.26071e+00,4.00196e-01,5.53564e+00,5.88352e+01
alkane_010,6,32,32,4.17688e+00,1.75129e+01,2.41190e+01,4.49619e+00,3.55483e-01,3.96710e+00,5.51517e+01
alkane_020,4,04,01,7.33658e+01,1.21990e+01,7.04598e+01,1.05528e+01,2.14176e+00,5.46493e+01,2.24701e+02
alkane_020,4,04,02,3.73434e+01,6.41774e+00,3.53460e+01,4.50027e+00,1.09259e+00,2.69509e+01,1.12394e+02
alkane_020,4,04,04,1.90392e+01,4.54656e+00,1.84787e+01,2.69886e+00,7.64065e-01,1.42176e+01,6.03514e+01
alkane_020,4,04,08,9.38289e+00,2.85288e+00,9.27025e+00,2.13539e+00,4.59604e-01,7.10278e+00,3.16475e+01
alkane_020,4,04,16,4.69661e+00,2.01873e+00,4.95381e+00,1.16977e+00,3.09772e-01,3.44752e+00,1.69830e+01
alkane_020,4,04,32,2.37175e+00,2.05408e+00,2.85974e+00,8.62810e-01,2.77457e-01,1.78662e+00,1.05394e+01
alkane_020,4,08,01,7.28794e+01,9.94306e+00,6.97336e+01,5.45274e+00,2.18092e+00,5.39478e+01,2.15441e+02
alkane_020,4,08,02,3.64757e+01,6.91437e+00,3.53601e+01,3.07828e+00,1.20827e+00,2.69417e+01,1.10808e+02
alkane_020,4,08,04,1.82167e+01,4.02639e+00,1.77588e+01,2.69883e+00,7.03652e-01,1.35545e+01,5.75233e+01
alkane_020,4,08,08,9.24292e+00,2.77284e+00,9.06657e+00,1.27367e+00,4.46870e-01,6.77875e+00,3.00149e+01
alkane_020,4,08,16,4.59862e+00,2.29484e+00,4.87089e+00,1.00390e+00,2.94486e-01,3.39294e+00,1.67695e+01
alkane_020,4,08,32,2.34452e+00,2.14240e+00,2.79988e+00,9.25491e-01,2.48020e-01,1.70806e+00,1.04612e+01
alkane_020,4,16,01,7.31587e+01,1.36915e+01,6.99436e+01,5.93105e+00,2.28149e+00,5.43531e+01,2.20779e+02
alkane_020,4,16,02,3.65755e+01,8.58180e+00,3.52427e+01,3.47441e+00,1.17265e+00,2.69947e+01,1.12911e+02
alkane_020,4,16,04,1.89639e+01,6.12984e+00,1.85691e+01,2.40053e+00,6.74447e-01,1.36729e+01,6.09545e+01
alkane_020,4,16,08,9.15903e+00,4.75884e+00,9.16527e+00,1.85562e+00,4.86947e-01,6.79696e+00,3.26116e+01
alkane_020,4,16,16,4.60856e+00,3.99833e+00,4.88275e+00,1.48367e+00,2.96272e-01,3.40132e+00,1.89971e+01
alkane_020,4,16,32,2.37226e+00,4.01287e+00,2.80993e+00,1.31306e+00,2.61967e-01,1.74287e+00,1.28717e+01
alkane_020,4,32,01,7.32955e+01,4.71268e+01,7.02842e+01,3.76500e+01,2.21391e+00,5.38829e+01,2.85865e+02
alkane_020,4,32,02,3.70923e+01,1.73669e+01,3.60996e+01,5.33604e+00,1.18114e+00,2.71002e+01,1.25023e+02
alkane_020,4,32,04,1.83780e+01,1.23710e+01,1.80062e+01,4.33688e+00,6.72327e-01,1.36019e+01,6.79188e+01
alkane_020,4,32,08,9.25349e+00,1.04524e+01,9.16993e+00,3.18443e+00,4.17619e-01,6.79523e+00,3.96786e+01
alkane_020,4,32,16,4.66963e+00,8.65102e+00,4.96056e+00,2.72054e+00,2.97429e-01,3.40960e+00,2.50668e+01
alkane_020,4,32,32,2.39292e+00,1.42513e+01,3.08970e+00,2.63178e+00,2.61443e-01,1.81345e+00,2.47725e+01
alkane_020,5,04,01,2.17323e+02,5.23596e+01,1.98280e+02,1.72097e+02,5.18669e+00,1.22648e+02,7.71350e+02
alkane_020,5,04,02,1.07713e+02,2.51651e+01,1.66353e+02,1.89166e+01,2.15606e+00,5.11684e+01,3.72919e+02
alkane_020,5,04,04,5.41673e+01,1.55461e+01,1.04990e+02,1.22970e+01,1.47231e+00,2.59877e+01,2.15607e+02
alkane_020,5,04,08,2.71434e+01,8.32143e+00,6.97866e+01,1.39581e+01,1.52513e+00,1.86367e+01,1.40697e+02
alkane_020,5,04,16,1.36863e+01,7.56855e+00,3.26074e+01,1.06892e+01,9.64625e-01,9.15109e+00,7.56681e+01
alkane_020,5,04,32,7.14804e+00,6.64075e+00,2.70349e+01,7.10535e+00,7.60879e-01,6.74646e+00,5.63230e+01
alkane_020,5,08,01,2.27388e+02,3.35121e+01,3.18516e+02,2.67824e+01,6.33548e+00,1.31006e+02,7.47525e+02
alkane_020,5,08,02,1.07590e+02,1.92520e+01,1.55960e+02,3.14425e+01,3.37788e+00,6.57220e+01,3.85708e+02
alkane_020,5,08,04,5.39229e+01,1.09615e+01,7.02164e+01,1.43607e+01,1.72502e+00,3.07662e+01,1.83388e+02
alkane_020,5,08,08,2.78419e+01,8.09759e+00,4.54870e+01,1.36855e+01,1.15291e+00,1.75338e+01,1.14891e+02
alkane_020,5,08,16,1.40288e+01,6.58956e+00,4.34550e+01,5.69001e+00,8.78209e-01,8.78119e+00,8.03633e+01
alkane_020,5,08,32,7.08245e+00,6.76388e+00,2.69764e+01,3.46234e+00,7.12798e-01,6.68553e+00,5.25438e+01
alkane_020,5,16,01,2.33285e+02,4.12704e+01,3.54104e+02,1.72674e+01,4.84976e+00,1.11890e+02,7.65830e+02
alkane_020,5,16,02,1.09745e+02,2.56648e+01,1.72331e+02,1.21332e+01,3.37290e+00,6.43837e+01,3.90078e+02
alkane_020,5,16,04,5.37437e+01,1.43857e+01,7.99458e+01,6.06328e+00,1.65493e+00,3.00936e+01,1.87341e+02
alkane_020,5,16,08,2.71434e+01,1.22174e+01,4.78038e+01,7.29618e+00,1.06805e+00,1.78561e+01,1.14461e+02
alkane_020,5,16,16,1.35628e+01,1.09205e+01,4.46618e+01,5.46922e+00,9.09715e-01,9.24275e+00,8.58261e+01
alkane_020,5,16,32,6.97088e+00,1.01400e+01,2.37669e+01,4.60568e+00,5.83861e-01,6.27538e+00,5.31386e+01
alkane_020,5,32,01,2.16044e+02,7.41947e+01,2.76509e+02,5.23459e+01,6.35328e+00,1.33587e+02,7.63337e+02
alkane_020,5,32,02,1.09137e+02,4.18424e+01,1.35915e+02,3.65978e+01,3.24326e+00,6.34086e+01,3.92457e+02
alkane_020,5,32,04,5.39486e+01,2.94956e+01,7.84810e+01,8.69625e+00,1.67913e+00,3.03931e+01,2.04118e+02
alkane_020,5,32,08,2.74240e+01,2.71579e+01,4.42709e+01,1.88145e+01,1.10405e+00,1.81561e+01,1.38069e+02
alkane_020,5,32,16,1.36268e+01,2.46821e+01,4.56287e+01,7.17714e+00,8.06082e-01,8.95844e+00,1.01841e+02
alkane_020,5,32,32,6.98863e+00,2.46745e+01,2.81228e+01,6.00976e+00,6.49817e-01,6.54102e+00,7.38122e+01
alkane_030,4,04,01,1.47919e+02,2.31503e+01,1.05294e+02,1.46078e+01,3.07715e+00,8.30415e+01,3.78890e+02
alkane_030,4,04,02,7.37879e+01,1.09485e+01,5.22872e+01,7.03198e+00,1.66219e+00,4.12761e+01,1.88115e+02
alkane_030,4,04,04,3.78284e+01,8.42961e+00,2.69415e+01,5.58810e+00,1.16430e+00,2.10914e+01,1.01858e+02
alkane_030,4,04,08,1.82636e+01,5.05764e+00,1.36665e+01,2.93646e+00,7.35642e-01,1.05593e+01,5.18941e+01
alkane_030,4,04,16,9.13904e+00,3.66870e+00,7.08498e+00,1.78050e+00,4.58471e-01,5.29374e+00,2.79662e+01
alkane_030,4,04,32,4.63833e+00,3.22581e+00,3.86523e+00,1.40680e+00,3.61574e-01,2.64422e+00,1.66462e+01
alkane_030,4,08,01,1.51093e+02,1.68403e+01,1.04534e+02,1.06504e+01,3.39488e+00,8.25884e+01,3.71055e+02
alkane_030,4,08,02,7.36631e+01,9.95486e+00,5.26964e+01,5.20321e+00,1.67684e+00,4.14090e+01,1.85735e+02
alkane_030,4,08,04,3.65825e+01,6.49472e+00,2.66272e+01,3.18332e+00,1.01314e+00,2.07532e+01,9.54368e+01
alkane_030,4,08,08,1.82201e+01,4.78336e+00,1.35280e+01,2.17925e+00,6.78245e-01,1.02985e+01,5.03198e+01
alkane_030,4,08,16,9.19270e+00,3.86409e+00,7.43447e+00,1.69883e+00,4.30033e-01,5.15108e+00,2.82736e+01
alkane_030,4,08,32,4.64935e+00,3.65799e+00,3.85757e+00,1.36774e+00,3.76702e-01,2.62837e+00,1.70572e+01
alkane_030,4,16,01,1.45478e+02,3.19594e+01,1.06600e+02,1.24313e+01,3.38798e+00,8.39124e+01,3.85888e+02
alkane_030,4,16,02,7.48624e+01,2.31466e+01,5.29462e+01,6.35334e+00,1.86381e+00,4.16256e+01,2.02031e+02
alkane_030,4,16,04,3.70584e+01,9.73874e+00,2.65342e+01,4.77555e+00,1.02931e+00,2.07007e+01,1.00639e+02
alkane_030,4,16,08,1.83262e+01,7.70998e+00,1.35382e+01,2.98679e+00,6.42459e-01,1.06410e+01,5.44357e+01
alkane_030,4,16,16,9.30452e+00,6.24436e+00,7.01350e+00,2.36702e+00,4.50471e-01,5.23158e+00,3.11026e+01
alkane_030,4,16,32,4.65317e+00,6.12899e+00,3.91129e+00,2.07813e+00,3.74244e-01,2.61935e+00,2.02321e+01
alkane_030,4,32,01,1.46663e+02,5.73952e+01,1.03982e+02,2.82428e+01,3.42194e+00,8.21901e+01,4.23994e+02
alkane_030,4,32,02,7.33422e+01,2.83159e+01,5.22515e+01,8.99406e+00,1.79059e+00,4.12157e+01,2.07207e+02
alkane_030,4,32,04,3.63856e+01,1.97493e+01,2.65753e+01,5.94542e+00,1.02200e+00,2.06840e+01,1.11215e+02
alkane_030,4,32,08,1.83450e+01,1.81277e+01,1.34572e+01,4.90264e+00,6.37336e-01,1.03664e+01,6.64725e+01
alkane_030,4,32,16,9.31009e+00,1.41460e+01,7.03077e+00,4.31103e+00,4.48926e-01,5.19922e+00,4.09650e+01
alkane_030,4,32,32,4.63642e+00,1.41805e+01,3.85250e+00,4.18876e+00,3.75840e-01,2.62942e+00,3.03662e+01
alkane_040,4,04,01,2.59312e+02,3.05671e+01,1.36803e+02,1.91696e+01,3.94895e+00,1.12575e+02,5.64796e+02
alkane_040,4,04,02,1.22378e+02,1.69084e+01,6.85039e+01,1.06678e+01,2.28028e+00,5.58557e+01,2.78100e+02
alkane_040,4,04,04,6.08569e+01,1.08637e+01,3.52319e+01,6.63395e+00,1.49679e+00,2.83509e+01,1.44625e+02
alkane_040,4,04,08,3.04863e+01,7.23891e+00,1.80132e+01,3.90662e+00,1.01868e+00,1.43989e+01,7.60386e+01
alkane_040,4,04,16,1.52009e+01,5.22648e+00,9.24996e+00,2.73254e+00,6.56680e-01,7.10027e+00,4.09615e+01
alkane_040,4,04,32,7.80368e+00,4.28479e+00,5.01609e+00,2.05637e+00,5.06479e-01,3.55376e+00,2.38673e+01
alkane_040,4,08,01,2.42040e+02,3.64620e+01,1.35269e+02,1.25410e+01,4.45340e+00,1.11329e+02,5.44490e+02
alkane_040,4,08,02,1.20796e+02,1.49715e+01,6.79342e+01,7.20626e+00,2.55167e+00,5.60515e+01,2.71118e+02
alkane_040,4,08,04,6.09045e+01,9.40034e+00,3.51159e+01,4.49328e+00,1.46951e+00,2.80730e+01,1.40601e+02
alkane_040,4,08,08,3.07211e+01,6.93414e+00,1.73612e+01,3.06106e+00,8.46677e-01,1.39755e+01,7.37050e+01
alkane_040,4,08,16,1.53226e+01,5.78153e+00,9.43212e+00,2.42841e+00,5.86752e-01,7.14605e+00,4.14597e+01
alkane_040,4,08,32,7.73849e+00,5.64190e+00,4.85538e+00,2.22663e+00,5.22363e-01,3.56122e+00,2.52190e+01
alkane_040,4,16,01,2.46641e+02,3.06633e+01,1.36675e+02,1.79899e+01,4.69542e+00,1.11599e+02,5.50968e+02
alkane_040,4,16,02,1.21825e+02,3.18709e+01,6.76375e+01,1.07466e+01,2.48840e+00,5.57806e+01,2.91942e+02
alkane_040,4,16,04,6.04531e+01,1.38549e+01,3.42472e+01,5.02261e+00,1.37249e+00,2.79971e+01,1.44020e+02
alkane_040,4,16,08,3.07002e+01,1.03391e+01,1.76538e+01,3.92196e+00,8.52645e-01,1.40180e+01,7.82757e+01
alkane_040,4,16,16,1.53625e+01,9.57886e+00,9.02363e+00,3.47659e+00,6.04870e-01,7.00833e+00,4.57197e+01
alkane_040,4,16,32,7.68672e+00,9.09739e+00,4.83789e+00,3.03072e+00,5.10656e-01,3.55802e+00,2.94226e+01
alkane_040,4,32,01,2.44024e+02,5.64230e+01,1.34874e+02,1.75711e+01,4.51823e+00,1.11693e+02,5.72019e+02
alkane_040,4,32,02,1.22738e+02,3.77918e+01,6.88799e+01,1.25372e+01,2.43993e+00,5.64936e+01,3.02618e+02
alkane_040,4,32,04,6.04327e+01,2.52878e+01,3.41128e+01,8.90384e+00,1.36938e+00,2.81105e+01,1.59363e+02
alkane_040,4,32,08,3.03201e+01,2.05589e+01,1.74421e+01,6.41334e+00,9.53805e-01,1.40182e+01,9.05531e+01
alkane_040,4,32,16,1.52027e+01,1.82487e+01,8.92941e+00,5.65531e+00,6.05565e-01,7.00353e+00,5.63388e+01
alkane_040,4,32,32,7.69511e+00,1.92501e+01,4.86877e+00,5.36862e+00,5.06416e-01,3.54335e+00,4.19477e+01
