molecule,prec,MPI,OMP,Push back,Setup linear system,Solve linear system,Expand solution,Total KAIN
ch4_002,4,01,01,2.08085e-02,9.08352e-01,2.11110e-05,1.18253e+00,2.11182e+00
ch4_002,4,01,02,2.93956e-02,6.14163e-01,2.12040e-05,7.28296e-01,1.37197e+00
ch4_002,4,01,04,4.89318e-02,4.80444e-01,2.01840e-05,5.14382e-01,1.04389e+00
ch4_002,4,01,08,6.10113e-02,3.76461e-01,1.72550e-05,3.81776e-01,8.19371e-01
ch4_002,4,01,16,1.07045e-01,3.37506e-01,1.89960e-05,2.95103e-01,7.39777e-01
ch4_002,4,01,32,8.98133e-02,3.32024e-01,2.46510e-05,2.59120e-01,6.81118e-01
ch4_002,4,02,01,3.12319e-02,5.80668e-01,1.52110e-05,6.54882e-01,1.26691e+00
ch4_002,4,02,02,2.14848e-02,3.73310e-01,8.93300e-06,3.86916e-01,7.81824e-01
ch4_002,4,02,04,1.68719e-02,2.33969e-01,1.92170e-05,2.44235e-01,4.95204e-01
ch4_002,4,02,08,2.17070e-02,1.85488e-01,1.76200e-05,1.93685e-01,4.01006e-01
ch4_002,4,02,16,1.95008e-02,1.74904e-01,1.50620e-05,1.55358e-01,3.49887e-01
ch4_002,4,02,32,1.76927e-01,2.06607e-01,2.71900e-05,1.46635e-01,5.30333e-01
ch4_002,4,04,01,1.58518e-02,3.22521e-01,2.02000e-05,3.96748e-01,7.35254e-01
ch4_002,4,04,02,6.93545e-03,2.00075e-01,2.10620e-05,2.41730e-01,4.48870e-01
ch4_002,4,04,04,5.40275e-02,1.99691e-01,1.85760e-05,1.73357e-01,4.27214e-01
ch4_002,4,04,08,6.81956e-02,1.31240e-01,1.76670e-05,1.33721e-01,3.33281e-01
ch4_002,4,04,16,4.83857e-02,1.23036e-01,2.12380e-05,1.03667e-01,2.75227e-01
ch4_002,4,04,32,7.47433e-02,1.43996e-01,2.67620e-05,9.13595e-02,3.10273e-01
ch4_002,4,08,01,1.14363e-02,2.19031e-01,2.35120e-05,2.97183e-01,5.27786e-01
ch4_002,4,08,02,7.43556e-03,1.40353e-01,9.71400e-06,1.79007e-01,3.26908e-01
ch4_002,4,08,04,1.12261e-02,9.48156e-02,2.05400e-05,1.21979e-01,2.28151e-01
ch4_002,4,08,08,6.91700e-03,7.45725e-02,1.76740e-05,9.47600e-02,1.76364e-01
ch4_002,4,08,16,5.19918e-03,6.95120e-02,2.06150e-05,7.51957e-02,1.50035e-01
ch4_002,4,08,32,3.05649e-02,7.34937e-02,2.40690e-05,6.24029e-02,1.66613e-01
ch4_002,5,01,01,5.30718e-02,2.69468e+00,2.03820e-05,4.18519e+00,6.93308e+00
ch4_002,5,01,02,5.30540e-02,1.68198e+00,1.37380e-05,2.09485e+00,3.83002e+00
ch4_002,5,01,04,8.54059e-02,1.41452e+00,1.97690e-05,1.42813e+00,2.92821e+00
ch4_002,5,01,08,1.60362e-01,1.02453e+00,1.79130e-05,1.11660e+00,2.30163e+00
ch4_002,5,01,16,1.75009e-01,8.84551e-01,2.49100e-05,8.14390e-01,1.87410e+00
ch4_002,5,01,32,1.99246e-01,8.26691e-01,2.17070e-05,6.53411e-01,1.67950e+00
ch4_002,5,02,01,3.37675e-02,1.51066e+00,1.73200e-05,1.86836e+00,3.41292e+00
ch4_002,5,02,02,4.02264e-02,9.59895e-01,8.96200e-06,1.09827e+00,2.09852e+00
ch4_002,5,02,04,7.20047e-02,6.31641e-01,1.41790e-05,6.70356e-01,1.37414e+00
ch4_002,5,02,08,1.13128e-01,5.03685e-01,1.91130e-05,5.02160e-01,1.11912e+00
ch4_002,5,02,16,4.95859e-02,4.17715e-01,1.82380e-05,3.86915e-01,8.54352e-01
ch4_002,5,02,32,2.14213e-01,5.04710e-01,2.51730e-05,3.94428e-01,1.11353e+00
ch4_002,5,04,01,1.99013e-02,9.77557e-01,1.83320e-05,1.48207e+00,2.47967e+00
ch4_002,5,04,02,2.92813e-02,5.69252e-01,2.57120e-05,7.00028e-01,1.29871e+00
ch4_002,5,04,04,1.74285e-01,6.19577e-01,2.09250e-05,5.50500e-01,1.34450e+00
ch4_002,5,04,08,1.81523e-01,4.01923e-01,2.05320e-05,3.96318e-01,9.79896e-01
ch4_002,5,04,16,2.00642e-01,3.03776e-01,2.04620e-05,2.80630e-01,7.85181e-01
ch4_002,5,04,32,2.53268e-01,2.99397e-01,2.56050e-05,2.41119e-01,7.93942e-01
ch4_002,5,08,01,3.01533e-02,7.48142e-01,1.89550e-05,9.59999e-01,1.73842e+00
ch4_002,5,08,02,2.35373e-02,4.38252e-01,1.03910e-05,5.87418e-01,1.04932e+00
ch4_002,5,08,04,2.83670e-02,2.98836e-01,1.82750e-05,3.71165e-01,6.98491e-01
ch4_002,5,08,08,1.96059e-02,2.06572e-01,2.04590e-05,2.72937e-01,4.99248e-01
ch4_002,5,08,16,2.02956e-02,1.77044e-01,2.58380e-05,2.04481e-01,4.01981e-01
ch4_002,5,08,32,2.00220e-01,2.09417e-01,2.06270e-05,1.87537e-01,5.97310e-01
ch4_002,6,01,01,9.65947e-02,4.83372e+00,1.65940e-05,8.52273e+00,1.34532e+01
ch4_002,6,01,02,9.99669e-02,2.92902e+00,2.13500e-05,4.72805e+00,7.75720e+00
ch4_002,6,01,04,2.15276e-01,2.23391e+00,2.09670e-05,3.07174e+00,5.52108e+00
ch4_002,6,01,08,1.97544e-01,1.69173e+00,2.03050e-05,2.19575e+00,4.08518e+00
ch4_002,6,01,16,2.48764e-01,1.46831e+00,1.89900e-05,1.69741e+00,3.41462e+00
ch4_002,6,01,32,3.10965e-01,1.38634e+00,1.75360e-05,1.39358e+00,3.09102e+00
ch4_002,6,02,01,7.08673e-02,2.71424e+00,1.50410e-05,4.52201e+00,7.30724e+00
ch4_002,6,02,02,5.74126e-02,1.66846e+00,8.14400e-06,2.57168e+00,4.29768e+00
ch4_002,6,02,04,1.32556e-01,1.17667e+00,1.53970e-05,1.65129e+00,2.96065e+00
ch4_002,6,02,08,1.33117e-01,8.52366e-01,1.92690e-05,1.10489e+00,2.09050e+00
ch4_002,6,02,16,5.93377e-02,6.94043e-01,2.56060e-05,8.42704e-01,1.59627e+00
ch4_002,6,02,32,3.25719e-01,9.22682e-01,1.98500e-05,8.63640e-01,2.11220e+00
ch4_002,6,04,01,4.22616e-02,1.87055e+00,2.06160e-05,3.53736e+00,5.45032e+00
ch4_002,6,04,02,5.86809e-02,1.13479e+00,2.09780e-05,1.84314e+00,3.03675e+00
ch4_002,6,04,04,2.04809e-01,1.00500e+00,1.72960e-05,1.34988e+00,2.55983e+00
ch4_002,6,04,08,2.28705e-01,6.33673e-01,1.81700e-05,8.71119e-01,1.73364e+00
ch4_002,6,04,16,2.49802e-01,5.11817e-01,1.87230e-05,6.37621e-01,1.39937e+00
ch4_002,6,04,32,2.47021e-01,5.34463e-01,1.70190e-05,5.08169e-01,1.28981e+00
ch4_002,6,08,01,5.06568e-02,1.33782e+00,1.76110e-05,2.42815e+00,3.81675e+00
ch4_002,6,08,02,3.77020e-02,7.08392e-01,8.70700e-06,1.37367e+00,2.11988e+00
ch4_002,6,08,04,4.98350e-02,5.15277e-01,1.79500e-05,7.82587e-01,1.34782e+00
ch4_002,6,08,08,4.88353e-02,3.85171e-01,2.01160e-05,5.64260e-01,9.98392e-01
ch4_002,6,08,16,4.80667e-02,2.90972e-01,2.69030e-05,4.53611e-01,7.92816e-01
ch4_002,6,08,32,2.07730e-01,3.71090e-01,2.16640e-05,3.66641e-01,9.45611e-01
ch4_004,4,01,01,4.21618e-02,1.90829e+00,2.03300e-05,2.73432e+00,4.68492e+00
ch4_004,4,01,02,6.23978e-02,1.31714e+00,1.30370e-05,1.69313e+00,3.07280e+00
ch4_004,4,01,04,1.07902e-01,9.94826e-01,1.96220e-05,1.14283e+00,2.24569e+00
ch4_004,4,01,08,1.19574e-01,8.06641e-01,1.63960e-05,9.48673e-01,1.87503e+00
ch4_004,4,01,16,1.28507e-01,7.63757e-01,1.80460e-05,7.66016e-01,1.65842e+00
ch4_004,4,01,32,1.38596e-01,7.71507e-01,1.95400e-05,6.94762e-01,1.60503e+00
ch4_004,4,02,01,2.70746e-02,1.04424e+00,1.91820e-05,1.47592e+00,2.54737e+00
ch4_004,4,02,02,5.61755e-02,7.58228e-01,9.49900e-06,8.93126e-01,1.70766e+00
ch4_004,4,02,04,7.97220e-02,5.00857e-01,1.74240e-05,5.54298e-01,1.13500e+00
ch4_004,4,02,08,4.44623e-02,3.92297e-01,1.60210e-05,4.27330e-01,8.64216e-01
ch4_004,4,02,16,5.00188e-02,3.50844e-01,2.43020e-05,3.53405e-01,7.54424e-01
ch4_004,4,02,32,3.00546e-01,4.61344e-01,1.71280e-05,3.62925e-01,1.12496e+00
ch4_004,4,04,01,2.29955e-02,6.17610e-01,1.81270e-05,8.47941e-01,1.48868e+00
ch4_004,4,04,02,3.09154e-02,4.01933e-01,2.05290e-05,4.99986e-01,9.32979e-01
ch4_004,4,04,04,1.09344e-01,3.53031e-01,2.36170e-05,3.45603e-01,8.08124e-01
ch4_004,4,04,08,1.58731e-01,2.63819e-01,1.94380e-05,2.61452e-01,6.84140e-01
ch4_004,4,04,16,1.44478e-01,2.38708e-01,1.95730e-05,2.02863e-01,5.86189e-01
ch4_004,4,04,32,1.97249e-01,2.36330e-01,2.34820e-05,1.68495e-01,6.02230e-01
ch4_004,4,08,01,1.54523e-02,3.54765e-01,1.47390e-05,5.22951e-01,8.93287e-01
ch4_004,4,08,02,1.61186e-02,2.41021e-01,8.14700e-06,3.13981e-01,5.71226e-01
ch4_004,4,08,04,8.63058e-03,1.53277e-01,1.96440e-05,1.94800e-01,3.56834e-01
ch4_004,4,08,08,1.38524e-02,1.24111e-01,2.05060e-05,1.54537e-01,2.92633e-01
ch4_004,4,08,16,1.98144e-02,1.33394e-01,2.24030e-05,1.24110e-01,2.77479e-01
ch4_004,4,08,32,1.06225e-01,1.26684e-01,2.23500e-05,1.25401e-01,3.58461e-01
ch4_004,4,16,01,1.19122e-02,2.42371e-01,8.03100e-06,3.46658e-01,6.01050e-01
ch4_004,4,16,02,8.94948e-03,1.56443e-01,7.56800e-06,2.11585e-01,3.77077e-01
ch4_004,4,16,04,9.78286e-03,1.06546e-01,8.00700e-06,1.35810e-01,2.52246e-01
ch4_004,4,16,08,1.00926e-02,8.54842e-02,8.38900e-06,1.09925e-01,2.05610e-01
ch4_004,4,16,16,5.56360e-03,7.35001e-02,1.94750e-05,8.68401e-02,1.66021e-01
ch4_004,4,16,32,2.69196e-02,8.20513e-02,1.83630e-05,7.46693e-02,1.83771e-01
ch4_004,5,01,01,1.11111e-01,5.86990e+00,1.54870e-05,8.56191e+00,1.45430e+01
ch4_004,5,01,02,1.23777e-01,3.66152e+00,2.02520e-05,5.07704e+00,8.86248e+00
ch4_004,5,01,04,2.21767e-01,2.83200e+00,1.92880e-05,3.36869e+00,6.42259e+00
ch4_004,5,01,08,2.74137e-01,2.11912e+00,1.83890e-05,2.40779e+00,4.80121e+00
ch4_004,5,01,16,2.82116e-01,1.87631e+00,1.73520e-05,1.88573e+00,4.04429e+00
ch4_004,5,01,32,3.40832e-01,1.81519e+00,2.26370e-05,1.77022e+00,3.92641e+00
ch4_004,5,02,01,7.29774e-02,3.20494e+00,1.89990e-05,4.73493e+00,8.01300e+00
ch4_004,5,02,02,8.36544e-02,2.00291e+00,7.78700e-06,2.66795e+00,4.75464e+00
ch4_004,5,02,04,1.59990e-01,1.35658e+00,1.47000e-05,1.60955e+00,3.12625e+00
ch4_004,5,02,08,7.34447e-02,9.76801e-01,1.88060e-05,1.14731e+00,2.19768e+00
ch4_004,5,02,16,7.69700e-02,8.69806e-01,1.61430e-05,8.92229e-01,1.83911e+00
ch4_004,5,02,32,3.51728e-01,1.22012e+00,1.46920e-05,1.01264e+00,2.58461e+00
ch4_004,5,04,01,5.83874e-02,2.58450e+00,1.65870e-05,3.00993e+00,5.65297e+00
ch4_004,5,04,02,6.36221e-02,1.61807e+00,1.89410e-05,2.29956e+00,3.98139e+00
ch4_004,5,04,04,2.48136e-01,1.37112e+00,1.83040e-05,1.49318e+00,3.11257e+00
ch4_004,5,04,08,2.35164e-01,9.35954e-01,1.48820e-05,8.36077e-01,2.00733e+00
ch4_004,5,04,16,2.48132e-01,7.78916e-01,1.53600e-05,6.07332e-01,1.63452e+00
ch4_004,5,04,32,2.62324e-01,6.41411e-01,1.54560e-05,5.48025e-01,1.45191e+00
ch4_004,5,08,01,3.45803e-02,1.45224e+00,2.08670e-05,1.87316e+00,3.36012e+00
ch4_004,5,08,02,4.94228e-02,9.60073e-01,1.07150e-05,1.51871e+00,2.52833e+00
ch4_004,5,08,04,5.18179e-02,5.69785e-01,1.76300e-05,8.22156e-01,1.44389e+00
ch4_004,5,08,08,3.01839e-02,4.25481e-01,1.77760e-05,5.97269e-01,1.05306e+00
ch4_004,5,08,16,4.52693e-02,3.05120e-01,1.59800e-05,3.58961e-01,7.09474e-01
ch4_004,5,08,32,2.28499e-01,3.59364e-01,2.51200e-05,3.58309e-01,9.46347e-01
ch4_004,5,16,01,3.32230e-02,1.00958e+00,8.80100e-06,1.63547e+00,2.67839e+00
ch4_004,5,16,02,3.06529e-02,6.41521e-01,9.88600e-06,1.05893e+00,1.73124e+00
ch4_004,5,16,04,3.14362e-02,3.60094e-01,8.10300e-06,5.54901e-01,9.46544e-01
ch4_004,5,16,08,2.29471e-02,2.18433e-01,9.86100e-06,2.93212e-01,5.34719e-01
ch4_004,5,16,16,1.69108e-02,2.28611e-01,2.45540e-05,3.10568e-01,5.56252e-01
ch4_004,5,16,32,3.02085e-01,2.31104e-01,1.97940e-05,2.39184e-01,7.72505e-01
ch4_004,6,01,01,2.16912e-01,1.16382e+01,1.95050e-05,2.07792e+01,3.26345e+01
ch4_004,6,01,02,3.08934e-01,7.07047e+00,1.42972e-02,1.18914e+01,1.92852e+01
ch4_004,6,01,04,4.69718e-01,5.43466e+00,2.24700e-05,7.62517e+00,1.35297e+01
ch4_004,6,01,08,5.66105e-01,4.20594e+00,2.04960e-05,5.69853e+00,1.04707e+01
ch4_004,6,01,16,6.05768e-01,3.47447e+00,2.06410e-05,3.78202e+00,7.86241e+00
ch4_004,6,01,32,5.80046e-01,3.27864e+00,1.95850e-05,3.02544e+00,6.88430e+00
ch4_004,6,02,01,1.45811e-01,6.35594e+00,1.65130e-05,1.14992e+01,1.80011e+01
ch4_004,6,02,02,1.44226e-01,3.78868e+00,9.04900e-06,6.35611e+00,1.02891e+01
ch4_004,6,02,04,1.92005e-01,2.55036e+00,1.67800e-05,4.04546e+00,6.78794e+00
ch4_004,6,02,08,3.00600e-01,1.91427e+00,1.65900e-05,2.56687e+00,4.78187e+00
ch4_004,6,02,16,2.89228e-01,1.59648e+00,2.39200e-05,1.88956e+00,3.77543e+00
ch4_004,6,02,32,4.87807e-01,1.93987e+00,1.68610e-05,1.99724e+00,4.42506e+00
ch4_004,6,04,01,8.33619e-02,4.24203e+00,1.70280e-05,8.43032e+00,1.27558e+01
ch4_004,6,04,02,1.14388e-01,2.62766e+00,1.62260e-05,4.53679e+00,7.27896e+00
ch4_004,6,04,04,2.89215e-01,1.80551e+00,1.70080e-05,2.80771e+00,4.90260e+00
ch4_004,6,04,08,3.45003e-01,1.39242e+00,1.77580e-05,1.89947e+00,3.63704e+00
ch4_004,6,04,16,3.75365e-01,1.11420e+00,1.56790e-05,1.43874e+00,2.92845e+00
ch4_004,6,04,32,3.17413e-01,1.29586e+00,1.76800e-05,1.16539e+00,2.77881e+00
ch4_004,6,08,01,7.75814e-02,2.64269e+00,2.50250e-05,5.05505e+00,7.77549e+00
ch4_004,6,08,02,7.97924e-02,1.47059e+00,9.03300e-06,2.74803e+00,4.29852e+00
ch4_004,6,08,04,7.34478e-02,9.36122e-01,1.87070e-05,1.68589e+00,2.69558e+00
ch4_004,6,08,08,1.00805e-01,7.81669e-01,1.48270e-05,1.10227e+00,1.98487e+00
ch4_004,6,08,16,9.06585e-02,5.62245e-01,1.74560e-05,7.92933e-01,1.44599e+00
ch4_004,6,08,32,2.96467e-01,6.23750e-01,1.84530e-05,6.59651e-01,1.58001e+00
ch4_004,6,16,01,6.19926e-02,1.86075e+00,8.61900e-06,3.43884e+00,5.36170e+00
ch4_004,6,16,02,3.81155e-02,1.11435e+00,8.68600e-06,2.13302e+00,3.28561e+00
ch4_004,6,16,04,6.02727e-02,6.18887e-01,7.49700e-06,1.12981e+00,1.80910e+00
ch4_004,6,16,08,6.19705e-02,5.05054e-01,1.04400e-05,7.80567e-01,1.34773e+00
ch4_004,6,16,16,7.52627e-02,3.90822e-01,1.82290e-05,5.83756e-01,1.04998e+00
ch4_004,6,16,32,1.91388e-01,4.50917e-01,1.75450e-05,4.96101e-01,1.13856e+00
ch4_006,4,01,01,7.02957e-02,3.19105e+00,1.63490e-05,4.01066e+00,7.27214e+00
ch4_006,4,01,02,8.15870e-02,2.14462e+00,1.59430e-05,2.39925e+00,4.62559e+00
ch4_006,4,01,04,1.64550e-01,1.68265e+00,1.95150e-05,1.64470e+00,3.49206e+00
ch4_006,4,01,08,1.80373e-01,1.30828e+00,2.00060e-05,1.21551e+00,2.70431e+00
ch4_006,4,01,16,2.11212e-01,1.16959e+00,2.13460e-05,9.73214e-01,2.35417e+00
ch4_006,4,01,32,1.91197e-01,1.14221e+00,2.68660e-05,8.19720e-01,2.15330e+00
ch4_006,4,02,01,9.36733e-02,1.85937e+00,1.71940e-05,2.01033e+00,3.96350e+00
ch4_006,4,02,02,8.75563e-02,1.22969e+00,8.47600e-06,1.18101e+00,2.49838e+00
ch4_006,4,02,04,8.25358e-02,7.96832e-01,1.67630e-05,7.32762e-01,1.61227e+00
ch4_006,4,02,08,4.27248e-02,6.07246e-01,1.42070e-05,5.44343e-01,1.19444e+00
ch4_006,4,02,16,4.24208e-02,5.56670e-01,1.84040e-05,4.45352e-01,1.04458e+00
ch4_006,4,02,32,2.64927e-01,7.56521e-01,2.58560e-05,4.06755e-01,1.42837e+00
ch4_006,4,04,01,4.18589e-02,1.06639e+00,1.57710e-05,1.06629e+00,2.17466e+00
ch4_006,4,04,02,4.78796e-02,6.31768e-01,1.72870e-05,6.27184e-01,1.30696e+00
ch4_006,4,04,04,1.52748e-01,5.41813e-01,1.67610e-05,4.50268e-01,1.14496e+00
ch4_006,4,04,08,1.73726e-01,4.21031e-01,2.00370e-05,3.47523e-01,9.42424e-01
ch4_006,4,04,16,1.50014e-01,3.64156e-01,1.61130e-05,2.67226e-01,7.81526e-01
ch4_006,4,04,32,2.14867e-01,3.76650e-01,1.73700e-05,2.29596e-01,8.21259e-01
ch4_006,4,08,01,2.64037e-02,5.36854e-01,1.41790e-05,6.07744e-01,1.17113e+00
ch4_006,4,08,02,1.79627e-02,3.34872e-01,7.86400e-06,3.55476e-01,7.08428e-01
ch4_006,4,08,04,1.22646e-02,2.18191e-01,1.97470e-05,2.24980e-01,4.55560e-01
ch4_006,4,08,08,1.64678e-02,1.73461e-01,1.68490e-05,1.76279e-01,3.66330e-01
ch4_006,4,08,16,1.20304e-02,1.60876e-01,1.82120e-05,1.41153e-01,3.14183e-01
ch4_006,4,08,32,1.57310e-01,2.02124e-01,2.32980e-05,1.58747e-01,5.18350e-01
ch4_006,4,16,01,4.88585e-01,3.41991e-01,7.45000e-06,2.96605e-01,1.12729e+00
ch4_006,4,16,02,3.01670e-01,2.29769e-01,8.22800e-06,1.83282e-01,7.14830e-01
ch4_006,4,16,04,1.36638e-01,1.44928e-01,7.82200e-06,1.19495e-01,4.01177e-01
ch4_006,4,16,08,1.88797e-01,1.18567e-01,9.85700e-06,9.59159e-02,4.03411e-01
ch4_006,4,16,16,1.42948e-01,1.04041e-01,2.19170e-05,7.34439e-02,3.20566e-01
ch4_006,4,16,32,2.18249e-01,1.27915e-01,1.68530e-05,7.07802e-02,4.17229e-01
ch4_006,5,01,01,1.74626e-01,9.15501e+00,1.90400e-05,1.43055e+01,2.36352e+01
ch4_006,5,01,02,1.96175e-01,5.74968e+00,1.57280e-05,8.45755e+00,1.44036e+01
ch4_006,5,01,04,3.33647e-01,4.54379e+00,1.88520e-05,5.73605e+00,1.06136e+01
ch4_006,5,01,08,4.21954e-01,3.41592e+00,1.69030e-05,4.01277e+00,7.85079e+00
ch4_006,5,01,16,4.43592e-01,2.93283e+00,1.88980e-05,3.01264e+00,6.38921e+00
ch4_006,5,01,32,4.69059e-01,2.80214e+00,2.13930e-05,2.48522e+00,5.75660e+00
ch4_006,5,02,01,2.03186e-01,5.22950e+00,1.48430e-05,7.67664e+00,1.31095e+01
ch4_006,5,02,02,2.30023e-01,3.23626e+00,8.15100e-06,4.32317e+00,7.78957e+00
ch4_006,5,02,04,2.47964e-01,2.19047e+00,1.42410e-05,2.57100e+00,5.00956e+00
ch4_006,5,02,08,2.29564e-01,1.59507e+00,1.77980e-05,1.88325e+00,3.70802e+00
ch4_006,5,02,16,2.48947e-01,1.49468e+00,2.57670e-05,1.54008e+00,3.28389e+00
ch4_006,5,02,32,4.39552e-01,1.75908e+00,1.93730e-05,1.51009e+00,3.70888e+00
ch4_006,5,04,01,9.00974e-01,3.54900e+00,1.64840e-05,5.96153e+00,1.04116e+01
ch4_006,5,04,02,1.03887e-01,2.03057e+00,1.62700e-05,2.84050e+00,4.97507e+00
ch4_006,5,04,04,2.90679e-01,1.65044e+00,1.80940e-05,2.24541e+00,4.18667e+00
ch4_006,5,04,08,4.33194e-01,1.24049e+00,1.70000e-05,1.48425e+00,3.15808e+00
ch4_006,5,04,16,2.89183e-01,1.04818e+00,1.59300e-05,1.09060e+00,2.42811e+00
ch4_006,5,04,32,3.13869e-01,8.78702e-01,1.98110e-05,7.84881e-01,1.97759e+00
ch4_006,5,08,01,4.71981e-02,2.04976e+00,2.10620e-05,2.40613e+00,4.50324e+00
ch4_006,5,08,02,6.89052e-02,1.11956e+00,8.56000e-06,1.70985e+00,2.89843e+00
ch4_006,5,08,04,1.08242e-01,7.80128e-01,1.78190e-05,1.06265e+00,1.95115e+00
ch4_006,5,08,08,7.14118e-02,4.84328e-01,1.51710e-05,6.00497e-01,1.15636e+00
ch4_006,5,08,16,4.98206e-02,4.80727e-01,2.32730e-05,5.03689e-01,1.03440e+00
ch4_006,5,08,32,2.46970e-01,5.48233e-01,1.80010e-05,5.64449e-01,1.35981e+00
ch4_006,5,16,01,4.36071e-01,1.04756e+00,8.61500e-06,1.69920e+00,3.18294e+00
ch4_006,5,16,02,8.80503e-01,6.62515e-01,8.44500e-06,1.04205e+00,2.58518e+00
ch4_006,5,16,04,4.53900e-01,4.12469e-01,8.18200e-06,6.06939e-01,1.47341e+00
ch4_006,5,16,08,5.92124e-01,3.15365e-01,8.21000e-06,4.61648e-01,1.36925e+00
ch4_006,5,16,16,3.54687e-01,2.55714e-01,2.14840e-05,3.32905e-01,9.43445e-01
ch4_006,5,16,32,3.85847e-01,3.12174e-01,2.25570e-05,2.67784e-01,9.65964e-01
ch4_006,6,01,01,4.64395e-01,1.98650e+01,1.98100e-05,3.85979e+01,5.89274e+01
ch4_006,6,01,02,6.25485e-01,1.22742e+01,1.96800e-05,2.12489e+01,3.41487e+01
ch4_006,6,01,04,8.95856e-01,9.03521e+00,1.71850e-05,1.30291e+01,2.29604e+01
ch4_006,6,01,08,8.04552e-01,6.83248e+00,1.90870e-05,9.46688e+00,1.71041e+01
ch4_006,6,01,16,8.94500e-01,5.86544e+00,2.19730e-05,6.52591e+00,1.32860e+01
ch4_006,6,01,32,1.01783e+00,5.31816e+00,2.42730e-05,5.73448e+00,1.20707e+01
ch4_006,6,02,01,1.13119e+00,1.04578e+01,1.64170e-05,1.85599e+01,3.01491e+01
ch4_006,6,02,02,5.46469e-01,6.76720e+00,9.15200e-06,1.11036e+01,1.84174e+01
ch4_006,6,02,04,4.94222e-01,4.10623e+00,1.34890e-05,6.07436e+00,1.06749e+01
ch4_006,6,02,08,4.82697e-01,3.01833e+00,1.97480e-05,4.14785e+00,7.64900e+00
ch4_006,6,02,16,4.67446e-01,2.56502e+00,1.76760e-05,3.12012e+00,6.15272e+00
ch4_006,6,04,01,4.56377e-01,6.71873e+00,2.20930e-05,1.35421e+01,2.07174e+01
ch4_006,6,04,02,2.73044e-01,3.67226e+00,1.95940e-05,6.96411e+00,1.09095e+01
ch4_006,6,04,04,8.00425e-01,2.77172e+00,1.63640e-05,4.21097e+00,7.78324e+00
ch4_006,6,04,08,4.35228e-01,2.00718e+00,1.85900e-05,3.04301e+00,5.48555e+00
ch4_006,6,04,16,5.59473e-01,1.70019e+00,1.67690e-05,2.12526e+00,4.38507e+00
ch4_006,6,04,32,4.84373e-01,1.62505e+00,1.71200e-05,1.70695e+00,3.81650e+00
ch4_006,6,08,01,1.49036e-01,3.54450e+00,1.73400e-05,6.78817e+00,1.04818e+01
ch4_006,6,08,02,1.22565e-01,2.37869e+00,1.00630e-05,4.13792e+00,6.63930e+00
ch4_006,6,08,04,9.28383e-02,1.32602e+00,1.84600e-05,2.17534e+00,3.59433e+00
ch4_006,6,08,08,1.30912e-01,9.88487e-01,1.47340e-05,1.52621e+00,2.64573e+00
ch4_006,6,08,16,1.31048e-01,8.38227e-01,2.55570e-05,1.12598e+00,2.09543e+00
ch4_006,6,08,32,2.87479e-01,8.68009e-01,1.90460e-05,9.19134e-01,2.07477e+00
ch4_006,6,16,01,2.87453e+00,2.34599e+00,8.08000e-06,3.64504e+00,8.86823e+00
ch4_006,6,16,02,1.80622e+00,1.49713e+00,6.10821e-03,1.96521e+00,5.27477e+00
ch4_006,6,16,04,1.00067e+00,8.78297e-01,8.77200e-06,1.17582e+00,3.05491e+00
ch4_006,6,16,08,9.12303e-01,6.52912e-01,9.74600e-06,8.14867e-01,2.38022e+00
ch4_006,6,16,16,5.71663e-01,5.01358e-01,1.38860e-05,6.29606e-01,1.70273e+00
ch4_006,6,16,32,9.01000e-01,6.38357e-01,1.48400e-05,4.64937e-01,2.00442e+00
ch4_008,4,04,01,3.92020e-02,1.17013e+00,1.88640e-05,1.87422e+00,3.08370e+00
ch4_008,4,04,02,5.36229e-02,7.58692e-01,1.76600e-05,1.09512e+00,1.90756e+00
ch4_008,4,04,04,1.93729e-01,7.71537e-01,2.11600e-05,8.62005e-01,1.82741e+00
ch4_008,4,04,08,1.73297e-01,5.82084e-01,1.97080e-05,7.01273e-01,1.45681e+00
ch4_008,4,04,16,2.15659e-01,4.51129e-01,2.22140e-05,4.77050e-01,1.14400e+00
ch4_008,4,04,32,2.31217e-01,4.51986e-01,1.87410e-05,4.11644e-01,1.09499e+00
ch4_008,4,08,01,3.60646e-02,6.83978e-01,1.47050e-05,1.09246e+00,1.81264e+00
ch4_008,4,08,02,1.39690e-02,4.26366e-01,1.03500e-05,6.23918e-01,1.06436e+00
ch4_008,4,08,04,1.62271e-02,2.91174e-01,1.98880e-05,3.98247e-01,7.05774e-01
ch4_008,4,08,08,1.62658e-02,2.36623e-01,1.93570e-05,3.11371e-01,5.64389e-01
ch4_008,4,08,16,2.52718e-02,2.17490e-01,2.62000e-05,2.52224e-01,4.95148e-01
ch4_008,4,08,32,1.73415e-01,2.39378e-01,2.60540e-05,2.23689e-01,6.36646e-01
ch4_008,4,16,01,8.17769e-03,3.52017e-01,8.65500e-06,6.19397e-01,9.79708e-01
ch4_008,4,16,02,1.61754e-02,2.36593e-01,8.38000e-06,3.72569e-01,6.25442e-01
ch4_008,4,16,04,8.01125e-03,1.58238e-01,8.09900e-06,2.43099e-01,4.09453e-01
ch4_008,4,16,08,8.83278e-03,1.30567e-01,8.52000e-06,1.96286e-01,3.35805e-01
ch4_008,4,16,16,8.01186e-03,1.08634e-01,1.68830e-05,1.51769e-01,2.68537e-01
ch4_008,4,16,32,1.82787e-01,1.32894e-01,2.44040e-05,1.30920e-01,4.46762e-01
ch4_008,5,04,01,9.09321e-02,5.12351e+00,1.50950e-05,8.87029e+00,1.40849e+01
ch4_008,5,04,02,1.04786e-01,2.94243e+00,1.48830e-05,4.80899e+00,7.85633e+00
ch4_008,5,04,04,2.97599e-01,2.24032e+00,2.16570e-05,3.19244e+00,5.73051e+00
ch4_008,5,04,08,2.89028e-01,1.56452e+00,1.56840e-05,1.74696e+00,3.60065e+00
ch4_008,5,04,16,3.55498e-01,1.31694e+00,1.83400e-05,1.51561e+00,3.18819e+00
ch4_008,5,04,32,3.43249e-01,1.25209e+00,2.00530e-05,1.17500e+00,2.77050e+00
ch4_008,5,08,01,8.79746e-02,3.01737e+00,1.46760e-05,5.41456e+00,8.52003e+00
ch4_008,5,08,02,1.00438e-01,2.07004e+00,8.27700e-06,3.36025e+00,5.53086e+00
ch4_008,5,08,04,1.07770e-01,1.16275e+00,1.74880e-05,1.47301e+00,2.74366e+00
ch4_008,5,08,08,1.06122e-01,9.05842e-01,1.77400e-05,1.26382e+00,2.27591e+00
ch4_008,5,08,16,1.03257e-01,6.86334e-01,1.42570e-05,8.60147e-01,1.64987e+00
ch4_008,5,08,32,2.23442e-01,7.21537e-01,2.47300e-05,7.26822e-01,1.67198e+00
ch4_008,5,16,01,2.73798e-02,1.73440e+00,7.97600e-06,3.56687e+00,5.32877e+00
ch4_008,5,16,02,3.63392e-02,1.11667e+00,8.14200e-06,2.09643e+00,3.24956e+00
ch4_008,5,16,04,5.59329e-02,6.89398e-01,7.96100e-06,1.15990e+00,1.90535e+00
ch4_008,5,16,08,5.34649e-02,5.11117e-01,1.44040e-05,8.19863e-01,1.38457e+00
ch4_008,5,16,16,3.94623e-02,3.18966e-01,2.32770e-05,5.20440e-01,8.79036e-01
ch4_008,5,16,32,2.14365e-01,4.33917e-01,2.48130e-05,4.73046e-01,1.12150e+00
ch4_008,6,04,01,1.65050e-01,9.74197e+00,1.58630e-05,2.07338e+01,3.06410e+01
ch4_008,6,04,02,2.01931e-01,5.25902e+00,1.66160e-05,1.00145e+01,1.54756e+01
ch4_008,6,04,04,4.62902e-01,3.99214e+00,1.71750e-05,6.46956e+00,1.09247e+01
ch4_008,6,04,08,4.35029e-01,3.05997e+00,1.57240e-05,4.16413e+00,7.65927e+00
ch4_008,6,04,16,4.56738e-01,2.59818e+00,1.96740e-05,3.19277e+00,6.24783e+00
ch4_008,6,04,32,5.54719e-01,2.48303e+00,1.85620e-05,2.44420e+00,5.48212e+00
ch4_008,6,08,01,1.53261e-01,5.82246e+00,1.27060e-05,1.21987e+01,1.81745e+01
ch4_008,6,08,02,1.10565e-01,3.56500e+00,8.62100e-06,6.59050e+00,1.02662e+01
ch4_008,6,08,04,2.18173e-01,2.10851e+00,1.71840e-05,3.60719e+00,5.93402e+00
ch4_008,6,08,08,2.17995e-01,1.55925e+00,1.66650e-05,2.38491e+00,4.16228e+00
ch4_008,6,08,16,2.10536e-01,1.28380e+00,2.43990e-05,1.63278e+00,3.12728e+00
ch4_008,6,08,32,4.05458e-01,1.46526e+00,2.37930e-05,1.43730e+00,3.30820e+00
ch4_008,6,16,01,1.03555e-01,3.46043e+00,1.40560e-05,7.08844e+00,1.06526e+01
ch4_008,6,16,02,7.20969e-02,2.05659e+00,8.74000e-06,4.17732e+00,6.30613e+00
ch4_008,6,16,04,1.16036e-01,1.23032e+00,1.67140e-05,2.28752e+00,3.63400e+00
ch4_008,6,16,08,1.18079e-01,9.22952e-01,1.45880e-05,1.49157e+00,2.53273e+00
ch4_008,6,16,16,1.14006e-01,7.10282e-01,2.44940e-05,1.07155e+00,1.89600e+00
ch4_008,6,16,32,2.85905e-01,8.13288e-01,2.63490e-05,8.49893e-01,1.94926e+00
ch4_010,4,04,01,4.46465e-02,1.42008e+00,1.87500e-05,2.39969e+00,3.86458e+00
ch4_010,4,04,02,8.33783e-02,9.27801e-01,1.87670e-05,1.39453e+00,2.40583e+00
ch4_010,4,04,04,2.43826e-01,8.58249e-01,1.68370e-05,1.03948e+00,2.14170e+00
ch4_010,4,04,08,2.83611e-01,6.63498e-01,2.28830e-05,7.49437e-01,1.69669e+00
ch4_010,4,04,16,2.31172e-01,5.96140e-01,1.92000e-05,6.24902e-01,1.45236e+00
ch4_010,4,04,32,2.24030e-01,5.71059e-01,2.01100e-05,4.99369e-01,1.29461e+00
ch4_010,4,08,01,4.30691e-02,8.35051e-01,1.94370e-05,1.24887e+00,2.12712e+00
ch4_010,4,08,02,4.84587e-02,5.20190e-01,9.53700e-06,8.03478e-01,1.37224e+00
ch4_010,4,08,04,2.33529e-02,3.55237e-01,1.58530e-05,4.57539e-01,8.36254e-01
ch4_010,4,08,08,2.90454e-02,3.09638e-01,1.83190e-05,3.91513e-01,7.30321e-01
ch4_010,4,08,16,2.31152e-02,2.68123e-01,2.19520e-05,2.88744e-01,5.80135e-01
ch4_010,4,08,32,2.87852e-01,3.01363e-01,1.55710e-05,2.67787e-01,8.57145e-01
ch4_010,4,16,01,8.19548e-01,4.55539e-01,8.98100e-06,6.19242e-01,1.89444e+00
ch4_010,4,16,02,4.87895e-01,3.01240e-01,8.71800e-06,3.76739e-01,1.16600e+00
ch4_010,4,16,04,3.83478e-01,2.05398e-01,8.04300e-06,2.40805e-01,8.29784e-01
ch4_010,4,16,08,2.74318e-01,1.67577e-01,9.33200e-06,1.97115e-01,6.39132e-01
ch4_010,4,16,16,2.06815e-01,1.45701e-01,2.26460e-05,1.49842e-01,5.02502e-01
ch4_010,4,16,32,2.90222e-01,1.68792e-01,1.37880e-05,1.39865e-01,5.99020e-01
ch4_010,4,32,01,6.62566e-01,2.97349e-01,8.62300e-06,4.18121e-01,1.37815e+00
ch4_010,4,32,02,3.66874e-01,1.83891e-01,9.61600e-06,2.47959e-01,7.98834e-01
ch4_010,4,32,04,2.24780e-01,1.25376e-01,9.52400e-06,1.69616e-01,5.19886e-01
ch4_010,4,32,08,1.61716e-01,1.05073e-01,1.12390e-05,1.32109e-01,3.99035e-01
ch4_010,4,32,16,1.37437e-01,9.04926e-02,1.60560e-05,1.01011e-01,3.29049e-01
ch4_010,4,32,32,9.24487e-02,1.22928e-01,2.16740e-05,9.10632e-02,3.06602e-01
ch4_010,5,04,01,5.63278e-01,6.16905e+00,1.22830e-05,1.07540e+01,1.74864e+01
ch4_010,5,04,02,5.13597e-01,3.74265e+00,1.57950e-05,6.10619e+00,1.03626e+01
ch4_010,5,04,04,7.47008e-01,2.87766e+00,1.67130e-05,4.03024e+00,7.65505e+00
ch4_010,5,04,08,8.58697e-01,2.10973e+00,1.57120e-05,2.79633e+00,5.76489e+00
ch4_010,5,04,16,3.75803e-01,1.75148e+00,1.45950e-05,2.05616e+00,4.18358e+00
ch4_010,5,04,32,4.41600e-01,1.67197e+00,2.57880e-05,1.64943e+00,3.76318e+00
ch4_010,5,08,01,2.06761e-01,3.86812e+00,1.83260e-05,6.71053e+00,1.07856e+01
ch4_010,5,08,02,1.27182e-01,2.51969e+00,8.41300e-06,4.07086e+00,6.71786e+00
ch4_010,5,08,04,1.34201e-01,1.37732e+00,1.75140e-05,2.07343e+00,3.58509e+00
ch4_010,5,08,08,1.60114e-01,1.04643e+00,1.52330e-05,1.44054e+00,2.64722e+00
ch4_010,5,08,16,3.18821e-01,8.73873e-01,1.75310e-05,1.07263e+00,2.26546e+00
ch4_010,5,08,32,3.25168e-01,9.63521e-01,2.47250e-05,9.17265e-01,2.20613e+00
ch4_010,5,16,01,1.68639e+00,1.94650e+00,8.44800e-06,3.65973e+00,7.29275e+00
ch4_010,5,16,02,9.74219e-01,1.26355e+00,9.03900e-06,2.14104e+00,4.37893e+00
ch4_010,5,16,04,7.96474e-01,7.37176e-01,8.35100e-06,1.13168e+00,2.66543e+00
ch4_010,5,16,08,5.77921e-01,5.70433e-01,1.06220e-05,8.70605e-01,2.01906e+00
ch4_010,5,16,16,3.87683e-01,4.61497e-01,1.76360e-05,6.44450e-01,1.49375e+00
ch4_010,5,16,32,6.66653e-01,6.49412e-01,2.34040e-05,4.63109e-01,1.77934e+00
ch4_010,5,32,01,4.00665e-01,1.27564e+00,8.59900e-06,2.43424e+00,4.11067e+00
ch4_010,5,32,02,6.02624e-02,8.00832e-01,9.10500e-06,1.47150e+00,2.33271e+00
ch4_010,5,32,04,2.24478e-02,4.58669e-01,1.02850e-05,7.61118e-01,1.24235e+00
ch4_010,5,32,08,1.80754e-02,3.58597e-01,9.41900e-06,5.11937e-01,8.88735e-01
ch4_010,5,32,16,3.87828e-02,2.98257e-01,2.18420e-05,4.21718e-01,7.58931e-01
ch4_010,5,32,32,4.35451e-01,3.22830e-01,1.99840e-05,3.40737e-01,1.09918e+00
ch4_010,6,04,01,1.81443e+00,1.17783e+01,1.24260e-05,2.21155e+01,3.57084e+01
ch4_010,6,04,02,2.69575e-01,7.08777e+00,1.54770e-05,1.23988e+01,1.97563e+01
ch4_010,6,04,04,4.84667e-01,5.21316e+00,1.94690e-05,7.95999e+00,1.36580e+01
ch4_010,6,04,08,5.51809e-01,4.27586e+00,1.63250e-05,5.94633e+00,1.07742e+01
ch4_010,6,04,16,5.82944e-01,3.42298e+00,1.71510e-05,3.93820e+00,7.94426e+00
ch4_010,6,04,32,7.77887e-01,3.48244e+00,1.87400e-05,3.53261e+00,7.79307e+00
ch4_010,6,08,01,2.52004e-01,7.01152e+00,1.40700e-05,1.40009e+01,2.12645e+01
ch4_010,6,08,02,3.02982e-01,4.46467e+00,8.19900e-06,8.22400e+00,1.29918e+01
ch4_010,6,08,04,2.82557e-01,2.64218e+00,1.74310e-05,4.42639e+00,7.35126e+00
ch4_010,6,08,08,2.71947e-01,1.88429e+00,1.36750e-05,2.65501e+00,4.81138e+00
ch4_010,6,08,16,2.66000e-01,1.61610e+00,1.44890e-05,2.10748e+00,3.98971e+00
ch4_010,6,08,32,4.39910e-01,1.86338e+00,1.70640e-05,1.75542e+00,4.05886e+00
ch4_010,6,16,01,4.99187e+00,3.99352e+00,1.44700e-05,7.31263e+00,1.62981e+01
ch4_010,6,16,02,3.13353e+00,2.49675e+00,8.00600e-06,4.20848e+00,9.83888e+00
ch4_010,6,16,04,1.84454e+00,1.46178e+00,1.82040e-05,2.23468e+00,5.54113e+00
ch4_010,6,16,08,1.17926e+00,1.08160e+00,1.63250e-05,1.49933e+00,3.76031e+00
ch4_010,6,16,16,1.32643e+00,8.52875e-01,1.54310e-05,1.06200e+00,3.24143e+00
ch4_010,6,16,32,1.16359e+00,1.06363e+00,2.04490e-05,9.77880e-01,3.20524e+00
ch4_010,6,32,01,3.04199e+00,2.55487e+00,1.68840e-05,4.99626e+00,1.05932e+01
ch4_010,6,32,02,1.73416e+00,1.58261e+00,9.23300e-06,2.74879e+00,6.06567e+00
ch4_010,6,32,04,9.07618e-01,9.11003e-01,1.60940e-05,1.52648e+00,3.34522e+00
ch4_010,6,32,08,9.99525e-01,7.08483e-01,1.80750e-05,9.93636e-01,2.70177e+00
ch4_010,6,32,16,6.39692e-01,5.37259e-01,2.39820e-05,6.79531e-01,1.85664e+00
ch4_010,6,32,32,7.00213e-01,7.06714e-01,2.35590e-05,5.92084e-01,1.99918e+00
ch4_020,4,04,01,7.93983e-02,2.75383e+00,1.81000e-05,5.43395e+00,8.26732e+00
ch4_020,4,04,02,9.73892e-02,1.74733e+00,1.71560e-05,3.14460e+00,4.98944e+00
ch4_020,4,04,04,1.80203e-01,1.67471e+00,1.60330e-05,2.33806e+00,4.19312e+00
ch4_020,4,04,08,2.70856e-01,1.20064e+00,1.48800e-05,1.73830e+00,3.20994e+00
ch4_020,4,04,16,2.40769e-01,1.06199e+00,1.84550e-05,1.37129e+00,2.67420e+00
ch4_020,4,04,32,5.10191e-01,1.13027e+00,2.21000e-05,1.05559e+00,2.69623e+00
ch4_020,4,08,01,1.17519e-01,1.47629e+00,1.44440e-05,2.64187e+00,4.23581e+00
ch4_020,4,08,02,1.04263e-01,9.69867e-01,8.64100e-06,1.56117e+00,2.63542e+00
ch4_020,4,08,04,9.26269e-02,6.56593e-01,1.76430e-05,1.00075e+00,1.75011e+00
ch4_020,4,08,08,8.10909e-02,5.26650e-01,1.48580e-05,7.81739e-01,1.38962e+00
ch4_020,4,08,16,4.94377e-02,4.61945e-01,2.10910e-05,6.04498e-01,1.11604e+00
ch4_020,4,08,32,3.56033e-01,6.07077e-01,2.35210e-05,5.02469e-01,1.46575e+00
ch4_020,4,16,01,2.51550e-01,8.01542e-01,8.42300e-06,1.40480e+00,2.45800e+00
ch4_020,4,16,02,1.73276e-01,5.42689e-01,8.19500e-06,8.39620e-01,1.55570e+00
ch4_020,4,16,04,7.59336e-02,3.68172e-01,8.50400e-06,5.32094e-01,9.76318e-01
ch4_020,4,16,08,4.39176e-02,2.94192e-01,9.83700e-06,4.14580e-01,7.52823e-01
ch4_020,4,16,16,1.88882e-02,2.47879e-01,2.21810e-05,3.20159e-01,5.87076e-01
ch4_020,4,16,32,1.65074e-01,2.74103e-01,2.17340e-05,2.90984e-01,7.30312e-01
ch4_020,4,32,01,1.99567e+00,4.52702e-01,8.19900e-06,6.34395e-01,3.08289e+00
ch4_020,4,32,02,1.17781e+00,2.91118e-01,9.23800e-06,3.77142e-01,1.84620e+00
ch4_020,4,32,04,7.56644e-01,1.99579e-01,9.05000e-06,2.40266e-01,1.19660e+00
ch4_020,4,32,08,5.66363e-01,1.60757e-01,1.04120e-05,1.89997e-01,9.17245e-01
ch4_020,4,32,16,3.14369e-01,1.37851e-01,2.24100e-05,1.49561e-01,6.01943e-01
ch4_020,4,32,32,4.82777e-01,1.79064e-01,1.86100e-05,1.46871e-01,8.08854e-01
ch4_020,5,04,01,2.43517e-01,1.17688e+01,1.74110e-05,2.22578e+01,3.42702e+01
ch4_020,5,04,02,2.27515e-01,7.44576e+00,1.60330e-05,1.30201e+01,2.06935e+01
ch4_020,5,04,04,3.45437e-01,5.35835e+00,1.57770e-05,9.25699e+00,1.49609e+01
ch4_020,5,04,08,4.53523e-01,4.14762e+00,1.53400e-05,5.12937e+00,9.73065e+00
ch4_020,5,04,16,4.48881e-01,3.48460e+00,1.62640e-05,4.37841e+00,8.31204e+00
ch4_020,5,04,32,4.97628e-01,3.38894e+00,2.18710e-05,3.73947e+00,7.62620e+00
ch4_020,5,08,01,1.54150e-01,6.63767e+00,1.65790e-05,1.40067e+01,2.07986e+01
ch4_020,5,08,02,1.23343e-01,4.19983e+00,7.65700e-06,5.42500e+00,9.74830e+00
ch4_020,5,08,04,1.51781e-01,2.48877e+00,1.60960e-05,4.28113e+00,6.92182e+00
ch4_020,5,08,08,3.38596e-01,1.84597e+00,1.47970e-05,2.90182e+00,5.08653e+00
ch4_020,5,08,16,2.63779e-01,1.58181e+00,1.62530e-05,2.12931e+00,3.97504e+00
ch4_020,5,08,32,2.42365e-01,1.77249e+00,1.46410e-05,2.09986e+00,4.11486e+00
ch4_020,5,16,01,6.51163e-02,3.54145e+00,1.55950e-05,8.52607e+00,1.21328e+01
ch4_020,5,16,02,2.08329e-01,2.29238e+00,7.90400e-06,4.49127e+00,6.99209e+00
ch4_020,5,16,04,1.10512e-01,1.38966e+00,2.23640e-05,2.75439e+00,4.25473e+00
ch4_020,5,16,08,9.32455e-02,1.08056e+00,1.61900e-05,1.71258e+00,2.88651e+00
ch4_020,5,16,16,5.41522e-02,8.90431e-01,2.09470e-05,1.38736e+00,2.33210e+00
ch4_020,5,16,32,5.47763e-01,1.06122e+00,2.22690e-05,9.29476e-01,2.53863e+00
ch4_020,5,32,01,1.09983e+01,1.95614e+00,1.72360e-05,3.49000e+00,1.64445e+01
ch4_020,5,32,02,6.14084e+00,1.30648e+00,7.48500e-06,2.06776e+00,9.51520e+00
ch4_020,5,32,04,3.18478e+00,7.84748e-01,1.96320e-05,1.11214e+00,5.08179e+00
ch4_020,5,32,08,2.55697e+00,6.30788e-01,2.05300e-05,8.65521e-01,4.05342e+00
ch4_020,5,32,16,1.43618e+00,4.89258e-01,2.61670e-05,6.84509e-01,2.61010e+00
ch4_020,5,32,32,2.17350e+00,5.80519e-01,2.02620e-05,5.57814e-01,3.31199e+00
ch4_030,4,04,01,6.89545e-01,4.12413e+00,1.97260e-05,7.84850e+00,1.26623e+01
ch4_030,4,04,02,1.26780e-01,2.69240e+00,1.76570e-05,4.67670e+00,7.49602e+00
ch4_030,4,04,04,1.17465e+00,2.11652e+00,2.14970e-05,3.31360e+00,6.60493e+00
ch4_030,4,04,08,5.77113e-01,1.89308e+00,1.58480e-05,2.60664e+00,5.07697e+00
ch4_030,4,04,16,3.24008e-01,1.50939e+00,2.16900e-05,1.94448e+00,3.77803e+00
ch4_030,4,04,32,4.65640e-01,1.46326e+00,1.67640e-05,1.59404e+00,3.52310e+00
ch4_030,4,08,01,2.02512e-01,2.38590e+00,1.28930e-05,4.20774e+00,6.79628e+00
ch4_030,4,08,02,2.25615e-01,1.53159e+00,7.61700e-06,2.47636e+00,4.23369e+00
ch4_030,4,08,04,1.44012e-01,1.06046e+00,1.39380e-05,1.63034e+00,2.83495e+00
ch4_030,4,08,08,2.44779e-01,9.06465e-01,1.69250e-05,1.23985e+00,2.39124e+00
ch4_030,4,08,16,1.36574e-01,7.83415e-01,2.18870e-05,9.70084e-01,1.89040e+00
ch4_030,4,08,32,3.61709e-01,8.28779e-01,1.82120e-05,8.28385e-01,2.01901e+00
ch4_030,4,16,01,2.74643e+00,1.27981e+00,8.46900e-06,2.13703e+00,6.16339e+00
ch4_030,4,16,02,1.76612e+00,9.53023e-01,7.84900e-06,1.33019e+00,4.04946e+00
ch4_030,4,16,04,1.05881e+00,5.85476e-01,9.32000e-06,8.11110e-01,2.45552e+00
ch4_030,4,16,08,8.68257e-01,4.72825e-01,9.62400e-06,6.19667e-01,1.96088e+00
ch4_030,4,16,16,8.37214e-01,3.94789e-01,2.23550e-05,4.82989e-01,1.71514e+00
ch4_030,4,16,32,7.83046e-01,4.47580e-01,2.70330e-05,3.95698e-01,1.62648e+00
ch4_030,4,32,01,3.27356e+00,7.10910e-01,8.61600e-06,1.08776e+00,5.07236e+00
ch4_030,4,32,02,1.50145e+00,4.60349e-01,9.14900e-06,6.62846e-01,2.62476e+00
ch4_030,4,32,04,9.32789e-01,3.13937e-01,1.06890e-05,3.99109e-01,1.64596e+00
ch4_030,4,32,08,7.18657e-01,2.65522e-01,1.16900e-05,3.30268e-01,1.31458e+00
ch4_030,4,32,16,5.05294e-01,2.20810e-01,2.48260e-05,2.45234e-01,9.71505e-01
ch4_030,4,32,32,4.13121e-01,2.34905e-01,1.86230e-05,2.19319e-01,8.67488e-01
ch4_040,4,04,01,1.71286e-01,6.10979e+00,1.94460e-05,1.11284e+01,1.74097e+01
ch4_040,4,04,02,2.58849e-01,3.79963e+00,1.86020e-05,6.39328e+00,1.05211e+01
ch4_040,4,04,04,2.56377e-01,3.21330e+00,1.54800e-05,4.77913e+00,8.24896e+00
ch4_040,4,04,08,3.69024e-01,2.60343e+00,1.79030e-05,3.56270e+00,6.53532e+00
ch4_040,4,04,16,4.90082e-01,2.13594e+00,1.51530e-05,2.62228e+00,5.24845e+00
ch4_040,4,04,32,3.87848e-01,2.10742e+00,2.60150e-05,2.17140e+00,4.66686e+00
ch4_040,4,08,01,7.53945e-01,2.96262e+00,1.42280e-05,5.37248e+00,9.08919e+00
ch4_040,4,08,02,1.00729e+00,1.99504e+00,8.62200e-06,3.28288e+00,6.28535e+00
ch4_040,4,08,04,3.36498e-01,1.40686e+00,1.60470e-05,2.14608e+00,3.88959e+00
ch4_040,4,08,08,2.97008e-01,1.10769e+00,1.82970e-05,1.66339e+00,3.06825e+00
ch4_040,4,08,16,2.25523e-01,1.15885e+00,2.04860e-05,1.27974e+00,2.66430e+00
ch4_040,4,08,32,2.88996e-01,1.09848e+00,2.61260e-05,1.09625e+00,2.48390e+00
ch4_040,4,16,01,6.71204e-01,1.63192e+00,1.73100e-05,2.97919e+00,5.28245e+00
ch4_040,4,16,02,1.97390e-01,1.06454e+00,7.67100e-06,1.76811e+00,3.03017e+00
ch4_040,4,16,04,1.30274e-01,7.23309e-01,2.03490e-05,1.12688e+00,1.98064e+00
ch4_040,4,16,08,1.92271e-01,5.83664e-01,1.61350e-05,8.81081e-01,1.65716e+00
ch4_040,4,16,16,2.49998e-01,5.29813e-01,1.68110e-05,6.86637e-01,1.46659e+00
ch4_040,4,16,32,3.40935e-01,7.26530e-01,2.25620e-05,6.01102e-01,1.66873e+00
ch4_040,4,32,01,7.59476e-01,8.46662e-01,1.47300e-05,1.56919e+00,3.17546e+00
ch4_040,4,32,02,2.73008e-01,5.69318e-01,1.72219e-02,9.48800e-01,1.80848e+00
ch4_040,4,32,04,1.75574e-01,3.93892e-01,1.56780e-05,5.97490e-01,1.16709e+00
ch4_040,4,32,08,1.25964e-01,3.17254e-01,1.93700e-05,4.95018e-01,9.38373e-01
ch4_040,4,32,16,5.24646e-02,2.82293e-01,2.23620e-05,3.64606e-01,6.99528e-01
ch4_040,4,32,32,2.18711e-01,3.72586e-01,2.42400e-05,3.12839e-01,9.04321e-01
